1500,1400,160,1667,2
1500,1221,138,1469,1
1500,1071,149,1520,2
1501,902,117,1179,2
1501,1379,174,1648,1
1501,980,147,1194,1
1501,991,160,1446,2
1501,530,186,1368,2
1501,949,118,1174,1
1501,1116,164,1882,1
1502,949,121,1533,1
1502,929,174,1967,1
1502,520,100,1291,2
1502,579,171,1738,2
1503,1177,109,1536,1
1503,763,185,1377,2
1503,1252,108,1100,1
1504,894,105,1459,1
1504,1173,192,1580,1
1504,548,157,1327,2
1504,1483,152,1779,2
1505,1226,100,1092,2
1505,530,178,1175,1
1505,1136,128,1218,1
1506,595,110,1093,1
1506,980,133,1489,2
1506,634,164,1220,2
1507,1208,143,1466,1
1507,1287,107,1192,1
1507,823,107,1158,2
1507,854,187,1712,2
1508,1107,155,1759,1
1508,884,109,1588,2
1508,1314,148,1336,1
1508,911,145,1853,2
1509,636,169,1141,1
1510,871,136,1210,1
1510,1446,141,1250,1
1510,898,112,1085,2
1510,1063,163,1234,1
1510,563,107,1961,1
1511,854,168,1596,1
1511,611,135,1844,1
1511,593,175,1933,1
1512,844,145,1303,1
1512,753,107,1095,1
1512,585,175,1149,1
1513,829,179,1920,1
1513,731,198,1690,2
1513,1451,160,1840,2
1513,1448,134,1148,2
1513,741,169,1180,2
1513,895,109,1795,1
1513,1319,133,1908,2
1514,677,144,1601,2
1514,774,142,1849,2
1514,1335,121,1689,1
1514,1493,131,1287,2
1515,837,196,1295,1
1515,1014,117,1556,2
1515,1322,179,1718,1
1515,919,173,1453,2
1515,856,172,1373,1
1515,907,132,1739,1
1516,838,145,1352,2
1516,1467,114,1384,1
1516,1015,113,1988,1
1516,1379,158,1111,2
1516,667,133,1864,1
1516,1308,187,1786,2
1516,643,185,1929,2
1516,549,171,1783,2
1516,638,167,1828,2
1516,579,186,1134,1
1517,717,103,1821,1
1517,1008,174,1463,1
1517,1358,118,1986,2
1517,963,166,1260,2
1517,1122,128,1952,2
1517,768,108,1148,1
1518,953,184,1356,1
1518,843,190,1589,1
1518,1411,136,1169,1
1519,871,142,1681,1
1519,1117,112,1009,1
1519,533,109,1307,1
1520,988,141,1065,2
1520,1023,193,1678,1
1520,641,108,1223,2
1520,577,192,1132,2
1520,771,167,1000,1
1520,543,173,1439,1
1520,1371,199,1238,1
1520,758,111,1068,1
1521,995,157,1267,1
1522,935,129,1436,2
1522,723,145,1049,1
1522,903,169,1092,2
1522,1279,183,1558,2
1523,956,101,1007,2
1523,959,137,1436,1
1523,1449,129,1500,1
1523,788,129,1522,1
1524,1446,187,1493,2
1524,878,107,1995,2
1525,991,194,1368,2
1525,916,107,1914,1
1525,1095,100,1008,1
1525,563,148,1827,2
1525,679,151,1829,1
1525,1396,170,1928,1
1526,1439,132,1147,2
1526,1089,173,1820,2
1526,1426,184,1843,2
1526,1219,110,1244,1
1526,566,144,1567,2
1527,830,104,1935,2
1527,687,186,1588,2
1527,860,106,1459,1
1527,800,148,1196,2
1527,1453,132,1307,1
1528,1376,105,1300,2
1528,1100,128,1128,2
1528,1332,118,1492,2
1528,814,151,1339,2
1528,547,126,1182,2
1528,1170,108,1266,2
1528,1191,121,1746,2
1528,1046,197,1297,2
1529,969,106,1683,1
1529,1342,109,1269,1
1529,744,172,1535,2
1529,593,158,1027,2
1529,1040,147,1140,2
1530,739,126,1046,1
1530,991,129,1044,2
1530,1033,147,1579,2
1530,1468,114,1862,1
1531,785,156,1457,1
1531,898,188,1573,1
1531,1014,107,1378,2
1531,1034,111,1871,1
1531,1092,193,1443,2
1531,1081,132,1867,2
1531,859,105,1992,1
1532,1364,196,1387,2
1532,723,174,1043,2
1532,824,136,1433,1
1532,1430,194,1975,1
1533,972,109,1466,1
1533,616,111,1784,2
1533,1241,165,1182,1
1533,629,150,1647,2
1533,538,195,1871,2
1534,989,135,1781,1
1534,1472,106,1938,2
1534,612,125,1072,1
1535,676,130,1429,2
1535,596,104,1170,2
1535,528,183,1021,1
1535,576,123,1636,1
1535,667,112,1612,1
1536,1140,106,1573,1
1536,932,166,1606,1
1536,1460,148,1267,2
1536,562,137,1486,2
1536,1344,173,1819,2
1536,1321,103,1216,2
1536,875,152,1093,2
1536,1479,162,1344,1
1536,1278,177,1073,1
1537,785,123,1580,2
1537,1291,141,1115,2
1537,733,100,1420,1
1537,1429,174,1579,2
1537,593,173,1421,1
1537,1091,157,1448,2
1537,1326,139,1967,2
1537,859,172,1475,1
1537,1264,138,1065,1
1537,800,184,1639,2
1537,946,185,1438,2
1538,937,169,1413,1
1538,587,149,1760,2
1538,984,183,1674,1
1538,781,156,1009,2
1538,939,156,1284,1
1538,1375,193,1795,2
1539,1007,104,1473,1
1539,783,105,1681,2
1539,792,172,1032,1
1539,1276,151,1323,1
1539,1377,153,1943,2
1540,1008,116,1965,2
1540,946,186,1529,1
1541,1242,170,1605,2
1541,1221,147,1345,1
1541,748,193,1828,2
1542,742,156,1277,2
1542,1131,122,1003,2
1542,750,118,1502,2
1542,1421,181,1235,2
1542,1300,131,1208,2
1542,820,121,1725,2
1542,1176,115,1024,1
1542,677,181,1862,2
1543,635,145,1300,1
1543,710,103,1841,2
1544,780,144,1414,2
1544,1332,126,1192,2
1545,624,143,1277,2
1545,1467,156,1141,1
1545,855,135,1434,1
1545,1096,170,1660,1
1545,1186,120,1401,2
1546,835,103,1038,1
1546,980,188,1925,2
1546,1047,162,1179,1
1546,545,109,1166,2
1547,1457,130,1807,1
1547,688,153,1081,1
1547,935,102,1056,1
1547,1107,147,1701,2
1547,994,159,1717,2
1547,759,127,1876,1
1547,544,127,1946,1
1547,640,133,1898,2
1548,865,126,1690,1
1548,997,117,1310,2
1548,1201,139,1502,2
1549,610,136,1101,2
1549,559,124,1790,1
1550,1312,190,1375,1
1550,828,148,1319,2
1550,548,149,1263,2
1550,598,140,1372,2
1550,1234,134,1940,1
1551,819,194,1649,1
1551,1267,193,1245,2
1551,796,150,1706,2
1551,1076,138,1513,1
1551,898,167,1439,1
1551,1480,168,1602,1
1552,707,176,1829,2
1552,701,172,1222,1
1552,1242,191,1484,1
1552,500,155,1598,2
1553,1384,131,1729,1
1553,884,113,1418,2
1553,1057,108,1638,1
1553,1122,115,1428,2
1553,1041,155,1982,2
1553,1478,138,1549,2
1554,897,102,1165,2
1554,692,197,1163,1
1554,977,118,1129,1
1554,548,194,1439,1
1554,694,179,1621,1
1554,873,120,1670,1
1554,1105,145,1476,1
1555,643,182,1718,1
1555,1059,116,1025,1
1555,1238,153,1430,2
1555,1073,148,1468,2
1555,613,118,1241,1
1556,839,111,1452,2
1556,1283,119,1284,2
1556,1448,191,1688,1
1556,1275,190,1402,2
1556,1026,188,1318,1
1557,1176,194,1645,2
1557,953,103,1527,1
1557,1340,155,1764,2
1557,902,121,1976,2
1557,509,104,1931,1
1558,1337,198,1416,1
1558,990,190,1963,2
1558,951,144,1941,2
1558,609,153,1324,2
1559,990,144,1699,2
1559,1260,152,1682,1
1559,818,100,1815,1
1559,707,147,1412,2
1559,886,154,1025,2
1560,1194,159,1896,1
1560,1257,134,1992,1
1561,1323,177,1884,2
1561,515,122,1223,2
1561,1298,140,1410,1
1561,647,101,1778,2
1561,784,160,1999,2
1562,1394,134,1267,1
1562,556,141,1214,1
1562,592,136,1451,1
1562,1427,176,1730,2
1562,863,172,1951,2
1563,1108,127,1736,1
1563,813,155,1669,2
1563,973,167,1768,2
1563,1035,132,1895,1
1563,1286,191,1040,2
1563,510,176,1708,2
1563,1160,162,1443,1
1564,619,133,1480,1
1564,832,159,1850,1
1564,1171,144,1232,2
1564,1330,113,1596,2
1565,1459,155,1419,1
1565,1219,103,1995,1
1565,1046,149,1336,2
1565,1410,134,1196,2
1565,799,197,1574,1
1565,1318,185,1185,2
1565,537,125,1787,1
1565,863,101,1453,1
1565,1060,125,1640,1
1566,518,108,1811,2
1566,970,179,1840,2
1566,1358,110,1594,1
1566,635,162,1379,1
1566,1179,141,1099,1
1566,555,171,1734,2
1567,500,104,1480,2
1567,1382,131,1140,2
1567,1117,146,1662,2
1567,501,124,1113,1
1568,755,191,1962,2
1568,1148,172,1555,2
1568,1443,152,1078,1
1569,1376,115,1930,1
1570,1432,169,1517,1
1570,1378,170,1416,1
1570,1276,163,1710,2
1570,1425,101,1674,1
1570,791,113,1030,1
1571,609,112,1200,1
1571,861,168,1853,1
1571,1340,120,1401,2
1571,1012,196,1325,1
1571,1203,114,1810,1
1571,1110,100,1260,2
1572,596,170,1522,1
1572,1416,136,1919,2
1572,1113,111,1039,1
1572,1472,187,1768,1
1572,1324,178,1935,1
1572,1048,176,1604,2
1573,1350,122,1015,1
1573,851,112,1252,2
1573,1252,168,1535,2
1573,899,196,1620,1
1573,652,107,1525,1
1573,810,112,1188,2
1574,1091,145,1705,2
1574,1268,147,1760,1
1574,1395,166,1081,2
1576,1030,179,1682,2
1576,644,149,1945,1
1576,1207,194,1833,1
1576,630,150,1900,2
1577,1480,198,1269,2
1577,573,125,1707,1
1577,1099,183,1061,2
1577,1094,159,1421,1
1577,836,165,1332,2
1578,1377,180,1077,1
1579,1315,108,1401,1
1579,647,167,1310,2
1580,621,103,1965,1
1581,1043,198,1299,2
1581,590,184,1184,1
1581,660,140,1878,2
1581,1402,195,1212,1
1581,796,140,1063,1
1581,700,162,1233,1
1581,1119,163,1895,1
1581,589,126,1275,1
1582,1400,123,1982,1
1582,1468,158,1205,2
1582,792,127,1417,2
1582,848,106,1464,2
1583,765,151,1704,1
1583,707,118,1773,1
1583,1469,185,1488,2
1583,1389,157,1974,2
1583,755,115,1768,2
1584,1320,144,1875,1
1584,974,121,1591,2
1584,1215,162,1923,1
1584,1054,161,1982,2
1584,617,187,1657,2
1584,688,160,1068,1
1585,1311,147,1076,1
1586,789,151,1573,2
1586,1203,121,1054,1
1586,1454,126,1018,1
1587,1200,101,1174,1
1588,1192,135,1346,2
1588,909,178,1083,2
1588,1417,166,1768,2
1588,933,126,1855,1
1588,966,187,1794,1
1589,1087,139,1431,2
1589,822,192,1501,2
1589,906,190,1847,1
1589,1233,184,1332,2
1589,648,127,1537,2
1589,1084,142,1666,2
1590,801,187,1413,2
1590,886,130,1705,2
1590,1085,146,1826,2
1590,1384,197,1901,1
1590,1039,126,1967,2
1591,1131,143,1504,1
1591,636,181,1660,2
1591,516,115,1753,2
1591,819,125,1402,1
1591,1288,151,1652,1
1592,816,137,1747,1
1592,1007,148,1341,1
1593,918,197,1150,2
1593,1230,103,1352,1
1593,941,167,1371,2
1594,1094,144,1200,1
1594,1126,178,1704,1
1594,1377,157,1371,2
1594,681,147,1979,1
1594,1290,104,1688,2
1594,629,130,1540,2
1594,1191,153,1912,2
1594,1251,186,1273,2
1594,967,164,1631,1
1595,1278,180,1465,1
1595,1073,115,1649,1
1596,1487,195,1773,2
1596,1188,156,1940,2
1596,1117,152,1699,2
1596,748,139,1930,1
1596,791,160,1790,1
1597,1302,106,1500,1
1597,602,107,1119,2
1597,680,159,1818,2
1597,1266,100,1692,1
1598,1297,167,1703,2
1598,987,138,1520,1
1598,585,159,1332,1
1599,1469,154,1335,2
1599,1182,186,1547,1
1599,1297,182,1640,2
1599,1449,184,1532,2
1599,753,164,1219,2
1599,719,185,1675,2
1599,1042,130,1058,1
1599,828,197,1316,2
1599,1422,166,1252,2
1599,1419,140,1252,2
1600,1262,120,1054,1
1600,1069,153,1492,2
1601,992,105,1853,2
1602,1279,182,1015,2
1602,719,199,1382,2
1602,557,136,1876,1
1602,735,133,1924,2
1602,1334,197,1148,1
1602,905,186,1258,2
1603,1300,145,1579,1
1603,1090,154,1066,2
1603,1406,190,1100,2
1603,1129,127,1173,1
1603,1148,116,1490,2
1604,1209,193,1719,1
1604,1254,112,1181,1
1604,701,170,1743,1
1605,1370,132,1597,1
1605,512,140,1563,1
1605,1499,173,1208,1
1605,1063,100,1096,2
1605,1298,148,1355,2
1605,1382,102,1625,1
1607,733,180,1991,1
1607,1017,178,1068,1
1607,514,133,1957,1
1607,1159,165,1945,2
1608,857,181,1792,1
1608,902,178,1164,1
1608,1357,117,1268,1
1608,686,197,1613,2
1609,971,102,1204,2
1609,1332,167,1241,1
1609,1167,149,1565,1
1611,877,190,1190,1
1611,1169,146,1208,2
1612,513,113,1909,1
1612,823,137,1631,1
1612,1461,166,1916,1
1612,843,180,1553,1
1612,945,108,1414,2
1613,1031,171,1465,2
1613,1039,131,1221,1
1613,655,136,1391,1
1613,1445,135,1520,1
1613,613,112,1569,1
1613,562,109,1378,2
1614,1020,101,1817,2
1614,1217,121,1313,2
1615,719,132,1228,2
1615,822,159,1204,2
1615,1050,111,1921,1
1615,1258,109,1036,2
1616,586,139,1676,2
1616,771,115,1268,1
1616,989,181,1943,2
1616,1158,196,1302,2
1616,988,149,1214,2
1616,753,157,1348,2
1616,1379,123,1736,2
1616,571,118,1460,2
1616,1295,143,1527,1
1616,1332,179,1241,2
1617,875,143,1860,2
1617,712,136,1460,1
1617,1408,108,1425,1
1618,700,175,1878,2
1618,680,157,1642,1
1618,1324,117,1250,2
1618,1003,166,1222,2
1618,922,163,1515,1
1618,1214,110,1655,2
1618,1128,114,1952,1
1618,695,159,1001,1
1618,537,174,1316,2
1619,1271,194,1165,2
1619,695,151,1371,2
1619,1466,153,1506,2
1619,1105,197,1510,1
1619,864,130,1641,1
1620,845,176,1421,1
1620,1470,195,1946,2
1620,1442,158,1118,1
1620,854,197,1285,1
1621,902,198,1674,1
1621,890,150,1868,2
1621,1003,177,1106,1
1621,1195,159,1847,2
1621,532,175,1166,2
1621,1179,159,1593,2
1621,1154,185,1898,1
1621,955,114,1503,1
1621,866,123,1545,2
1621,1047,112,1355,2
1622,640,134,1486,1
1622,750,170,1409,1
1622,1315,160,1096,2
1622,785,172,1363,2
1622,1383,108,1760,1
1623,846,199,1377,2
1623,1094,154,1939,1
1623,709,189,1259,2
1623,696,133,1782,2
1623,1029,112,1138,2
1623,1391,197,1922,1
1623,798,108,1131,2
1624,1335,114,1098,1
1624,1040,166,1086,1
1624,593,161,1524,1
1625,1278,170,1626,1
1625,1154,115,1497,1
1625,722,199,1810,2
1625,1195,191,1794,1
1625,1402,154,1801,2
1626,1232,155,1409,1
1626,515,198,1440,1
1626,1034,178,1103,2
1626,1330,131,1858,1
1626,1062,127,1177,2
1627,726,181,1905,2
1627,999,160,1898,2
1627,887,173,1985,1
1628,778,136,1008,1
1628,1298,155,1583,2
1628,1137,185,1303,1
1628,1065,115,1457,1
1629,704,147,1431,1
1629,1057,185,1859,2
1629,1013,163,1072,2
1629,934,151,1946,1
1630,686,149,1644,1
1630,1140,142,1793,2
1630,717,137,1400,2
1631,1337,160,1608,2
1631,1105,113,1735,1
1631,1089,164,1996,2
1632,1433,132,1512,1
1632,519,161,1341,1
1632,1282,182,1383,2
1632,628,148,1149,1
1632,1040,178,1779,2
1632,541,155,1249,2
1632,717,174,1515,2
1632,947,119,1385,2
1633,979,136,1204,2
1633,1459,124,1179,1
1633,826,190,1191,2
1633,634,145,1639,2
1633,1487,133,1773,2
1633,931,140,1618,2
1633,756,144,1105,1
1633,905,127,1338,1
1633,1228,189,1792,1
1633,889,179,1450,1
1634,1019,114,1380,2
1634,876,106,1399,1
1634,860,111,1452,2
1635,1241,147,1120,2
1635,1470,150,1269,2
1635,789,108,1900,1
1635,1265,155,1628,1
1636,1032,148,1744,1
1636,1123,146,1745,2
1636,1370,170,1077,1
1636,707,182,1345,2
1637,1368,184,1709,1
1637,1027,172,1091,1
1637,1170,183,1170,2
1638,1117,105,1645,2
1638,1373,126,1827,2
1638,1045,148,1849,1
1639,543,146,1341,2
1639,542,106,1465,1
1639,1468,126,1909,1
1639,632,101,1453,2
1640,1402,156,1698,1
1640,614,192,1702,2
1640,1467,143,1640,2
1640,830,117,1430,1
1640,897,109,1816,1
1640,1007,143,1040,1
1641,762,125,1090,1
1641,977,159,1790,1
1641,733,178,1336,2
1641,1459,185,1757,2
1641,861,119,1033,1
1642,1383,147,1801,1
1642,1404,138,1375,1
1642,793,114,1660,2
1642,728,100,1820,1
1642,595,111,1047,1
1642,779,137,1210,1
1643,1126,124,1494,2
1643,532,144,1021,1
1643,1454,118,1829,2
1644,938,160,1021,2
1644,1247,199,1452,2
1644,900,184,1280,2
1645,1433,116,1195,2
1645,1106,110,1313,1
1645,1126,194,1483,1
1645,744,105,1925,1
1645,1330,168,1649,1
1646,835,120,1020,2
1646,928,124,1574,2
1646,1182,185,1539,1
1646,719,115,1884,2
1646,1280,104,1919,1
1647,655,114,1850,1
1647,912,103,1201,2
1647,1421,164,1070,1
1648,907,163,1078,1
1648,704,165,1812,2
1648,1195,160,1463,2
1648,1396,176,1595,1
1648,661,168,1701,1
1648,991,188,1043,2
1649,939,196,1954,1
1649,1282,174,1504,1
1649,795,171,1021,2
1649,514,131,1754,1
1649,1297,137,1445,2
1649,1252,132,1064,2
1650,1161,175,1523,2
1650,657,159,1220,1
1650,935,122,1868,1
1650,1357,146,1984,2
1650,1096,129,1970,2
1650,704,100,1683,1
1651,1002,140,1869,1
1651,884,104,1913,1
1651,721,101,1504,1
1651,1287,107,1363,2
1651,636,131,1255,1
1651,1482,156,1774,2
1652,1102,195,1527,2
1652,1272,119,1545,2
1653,781,187,1840,1
1653,624,120,1265,2
1653,1065,181,1050,1
1653,1149,195,1153,1
1653,949,128,1829,2
1653,1298,100,1180,1
1653,1329,167,1636,2
1653,1131,154,1578,2
1654,1048,172,1692,2
1654,1499,122,1832,1
1654,613,169,1168,2
1654,1103,183,1751,1
1655,1120,114,1888,2
1655,781,170,1919,1
1656,899,125,1148,2
1656,1095,129,1033,1
1656,1049,174,1150,1
1657,696,146,1054,1
1657,1195,172,1915,1
1658,1233,199,1009,2
1658,727,199,1015,2
1658,513,186,1660,2
1658,583,119,1963,2
1658,1202,147,1954,2
1658,1450,138,1298,1
1658,773,141,1061,2
1658,1234,191,1729,1
1659,1442,103,1791,2
1659,719,181,1422,1
1659,1388,157,1679,2
1659,807,171,1610,1
1659,1317,121,1823,1
1660,992,128,1218,2
1660,977,198,1634,2
1660,898,165,1631,1
1660,863,155,1561,2
1660,947,191,1981,2
1660,501,188,1185,2
1660,564,147,1064,1
1660,1162,176,1902,1
1661,1064,155,1085,2
1661,654,137,1749,2
1662,895,102,1240,2
1662,1223,130,1298,1
1662,516,182,1222,2
1662,786,187,1218,1
1662,825,123,1690,1
1662,990,139,1670,2
1662,887,154,1849,2
1663,541,101,1352,1
1663,1075,147,1142,2
1663,692,178,1969,2
1664,1226,146,1290,2
1664,683,139,1563,2
1664,597,143,1519,1
1664,606,163,1056,1
1665,984,144,1202,1
1666,737,195,1614,1
1666,1463,182,1832,1
1667,1482,168,1056,2
1667,1274,169,1210,2
1668,602,136,1694,2
1669,785,167,1869,1
1669,1136,194,1069,2
1669,648,133,1500,1
1669,1446,150,1672,1
1669,1195,102,1290,1
1669,951,192,1370,2
1669,840,136,1811,2
1669,531,152,1460,1
1669,1241,108,1558,1
1670,1052,102,1249,2
1670,1026,148,1276,1
1670,1244,165,1377,1
1670,513,192,1976,2
1671,1322,193,1621,2
1671,1433,194,1300,1
1671,598,169,1783,1
1671,935,152,1588,1
1671,1186,123,1337,2
1672,740,192,1506,2
1672,784,149,1624,1
1672,1294,175,1186,1
1672,933,189,1268,2
1672,1049,154,1335,1
1673,1207,170,1648,1
1673,1260,153,1873,2
1673,1494,173,1541,1
1673,1239,177,1395,1
1674,1220,188,1915,1
1674,1100,186,1730,2
1674,1102,157,1510,1
1675,1106,134,1922,2
1675,896,143,1512,2
1675,1241,109,1155,1
1675,905,156,1048,2
1675,927,167,1377,1
1675,751,101,1544,1
1675,643,152,1805,2
1675,901,108,1798,1
1676,571,139,1964,1
1676,1245,176,1233,2
1676,536,126,1737,2
1676,1249,111,1001,1
1676,651,178,1162,1
1676,513,169,1436,2
1676,938,135,1364,1
1676,983,170,1477,1
1677,694,179,1469,2
1677,539,187,1651,2
1678,960,110,1204,2
1678,1427,130,1191,2
1678,772,180,1644,2
1678,968,112,1057,2
1678,1158,158,1708,2
1678,611,162,1456,1
1678,955,115,1321,2
1678,1127,109,1065,2
1678,737,155,1225,1
1679,1254,143,1309,2
1679,1488,111,1331,2
1679,926,155,1637,2
1680,779,154,1402,2
1680,824,138,1982,1
1680,1122,136,1294,2
1680,1092,172,1792,2
1680,888,126,1636,2
1681,785,121,1121,1
1681,1348,138,1680,2
1681,1044,110,1244,1
1681,1203,113,1007,2
1681,872,198,1327,2
1681,1172,114,1622,2
1682,1366,137,1321,1
1682,1091,167,1817,1
1683,1110,144,1606,1
1683,983,134,1618,2
1683,1227,106,1251,1
1684,1114,167,1373,1
1684,1060,101,1980,1
1684,825,184,1263,2
1684,1236,147,1604,1
1684,1198,111,1666,2
1684,1352,175,1481,2
1685,670,186,1931,1
1685,928,142,1977,1
1685,1046,115,1468,2
1685,568,167,1915,1
1685,1483,197,1497,1
1686,1406,169,1448,1
1686,1205,132,1389,1
1686,1373,182,1036,2
1686,1159,169,1817,2
1686,940,167,1330,2
1687,764,188,1946,1
1687,584,172,1893,1
1687,851,181,1663,1
1688,1429,124,1803,1
1689,1022,144,1628,2
1689,1004,100,1947,2
1689,619,151,1974,2
1690,768,130,1471,1
1690,567,175,1980,2
1690,822,113,1661,2
1690,1076,125,1432,2
1690,858,108,1635,2
1690,1189,142,1251,2
1691,935,189,1247,2
1691,786,170,1444,1
1691,1375,192,1723,2
1691,748,106,1814,1
1692,859,132,1479,2
1692,1086,193,1774,2
1692,963,190,1412,1
1692,1316,198,1620,1
1693,830,124,1693,1
1694,1066,181,1631,1
1694,1057,160,1992,1
1694,1443,110,1268,2
1694,676,186,1654,1
1694,1016,147,1801,2
1695,1156,149,1341,1
1695,860,171,1747,2
1695,1086,141,1534,1
1695,1076,161,1792,2
1696,1338,130,1382,1
1696,1228,132,1603,2
1696,1253,163,1344,2
1696,1220,182,1301,1
1696,1362,168,1225,1
1697,1275,149,1476,1
1697,1388,194,1216,2
1697,1040,194,1793,2
1697,1203,127,1354,2
1697,1332,159,1656,2
1697,870,117,1873,1
1697,1228,179,1199,2
1698,635,130,1096,2
1698,741,144,1096,1
1699,637,186,1781,2
1699,1466,113,1867,2
1699,749,165,1347,2
1699,1407,155,1290,1
1700,575,138,1874,2
1700,1367,111,1115,2
1700,675,172,1262,2
1700,814,161,1630,2
1700,616,109,1650,2
1700,511,128,1127,1
1700,833,102,1416,2
1701,946,149,1991,2
1701,961,119,1766,2
1701,1044,187,1536,1
1701,1164,133,1288,1
1701,1321,146,1245,1
1701,792,174,1696,2
1701,695,178,1129,2
1701,817,128,1738,1
1701,1068,150,1990,2
1701,977,103,1896,1
1702,1129,179,1950,1
1702,808,143,1402,2
1702,1174,129,1847,2
1702,1176,159,1202,2
1702,1384,116,1662,2
1703,938,115,1079,2
1703,1006,136,1514,2
1703,666,176,1087,2
1703,1216,188,1725,1
1704,1452,194,1441,2
1704,1358,172,1239,1
1704,1118,158,1205,2
1705,1436,187,1390,1
1705,761,180,1061,1
1705,683,100,1239,2
1705,666,101,1232,2
1705,1050,173,1107,1
1706,1046,156,1891,2
1706,757,170,1493,2
1706,568,117,1239,1
1706,1137,177,1846,1
1706,755,146,1014,1
1706,1279,188,1643,1
1707,632,197,1842,1
1707,1034,191,1587,1
1707,1025,111,1808,1
1707,1162,121,1650,1
1707,1272,118,1186,2
1707,1191,174,1599,1
1708,561,191,1857,2
1708,1035,101,1549,2
1708,597,174,1611,2
1708,1000,170,1475,1
1708,800,194,1965,2
1709,1213,128,1918,1
1709,1193,125,1472,2
1709,1123,129,1255,1
1710,502,174,1566,2
1710,1383,192,1152,2
1710,968,188,1786,2
1710,751,147,1855,2
1710,1457,139,1869,2
1710,1397,159,1479,1
1711,1097,142,1648,1
1711,1195,140,1949,1
1711,764,146,1023,2
1711,599,181,1544,1
1711,897,181,1514,2
1711,1080,100,1717,1
1712,1117,164,1989,2
1712,564,130,1967,1
1712,1191,158,1356,1
1712,1023,120,1372,1
1712,563,111,1120,2
1712,627,163,1191,2
1713,1349,105,1543,2
1713,781,135,1306,1
1713,506,170,1114,2
1713,628,137,1608,2
1713,1405,187,1275,1
1714,778,131,1337,2
1714,983,127,1225,2
1714,611,186,1002,2
1714,1234,199,1145,2
1714,756,105,1986,1
1715,679,139,1350,1
1716,1076,196,1032,1
1716,1101,139,1664,2
1716,857,120,1915,2
1717,1404,148,1958,2
1717,682,136,1852,1
1717,752,143,1996,2
1717,818,154,1897,2
1717,1191,124,1780,1
1717,810,106,1994,1
1717,738,133,1469,2
1717,1476,176,1618,1
1718,989,199,1946,1
1718,1352,127,1343,1
1718,1338,125,1512,1
1718,1183,179,1054,1
1718,1277,192,1972,2
1718,1468,180,1884,2
1718,510,169,1713,2
1718,1288,117,1031,2
1719,1495,181,1408,1
1719,1204,184,1896,2
1719,1103,174,1173,2
1719,1467,124,1503,1
1719,718,143,1382,2
1720,741,136,1967,2
1720,778,151,1234,2
1720,1280,100,1169,1
1720,659,187,1415,2
1720,760,123,1055,2
1721,765,183,1135,2
1721,1170,125,1380,1
1721,845,136,1812,1
1722,1122,189,1237,2
1722,1212,140,1644,1
1722,1034,147,1427,1
1722,1203,142,1470,2
1722,749,166,1676,1
1722,1188,180,1011,1
1722,1081,165,1273,1
1722,552,107,1861,2
1723,1032,196,1653,1
1723,707,189,1995,1
1723,581,198,1841,2
1723,986,137,1687,1
1724,1329,126,1681,1
1724,734,134,1180,2
1724,1221,143,1120,2
1724,1098,171,1402,2
1724,678,198,1320,2
1725,681,123,1040,1
1725,1027,195,1015,1
1725,637,125,1313,2
1725,1449,126,1682,2
1725,578,115,1452,2
1725,1104,147,1992,2
1726,1468,141,1657,1
1726,1203,178,1265,2
1726,1195,116,1279,2
1726,681,176,1865,1
1726,564,111,1961,2
1727,994,117,1918,2
1727,1207,124,1649,2
1727,626,195,1367,2
1727,806,190,1576,2
1727,1440,198,1748,2
1728,899,127,1291,2
1728,783,169,1996,1
1728,1043,166,1057,1
1729,1298,193,1716,2
1729,549,114,1900,1
1729,1176,135,1347,2
1729,1234,129,1362,2
1729,1181,118,1972,1
1730,1297,148,1515,1
1730,701,165,1038,1
1730,924,140,1658,2
1730,1407,117,1197,2
1730,1059,184,1079,1
1730,517,196,1433,2
1730,1054,157,1655,1
1730,1245,129,1034,2
1731,1090,138,1488,2
1731,1189,175,1338,1
1731,710,153,1910,2
1732,1023,164,1070,2
1732,1440,177,1523,2
1732,1379,169,1577,1
1732,1109,159,1088,2
1732,1053,141,1764,1
1732,1491,167,1561,1
1733,534,122,1604,1
1733,1251,161,1631,2
1733,1268,102,1317,2
1733,785,141,1677,2
1734,1001,158,1850,2
1734,1027,196,1539,1
1735,1439,108,1562,1
1735,1070,119,1996,2
1735,1197,154,1303,1
1735,1035,135,1229,2
1735,1032,156,1103,1
1735,886,180,1865,1
1735,783,193,1043,1
1736,917,172,1904,1
1736,1138,183,1786,2
1736,1476,179,1740,2
1736,501,107,1090,1
1736,1479,151,1884,1
1736,1111,196,1302,1
1737,1083,137,1673,1
1737,1129,119,1366,1
1737,1313,108,1678,1
1737,827,192,1204,2
1738,937,181,1782,2
1738,1347,155,1410,1
1738,1115,117,1973,2
1738,579,188,1889,2
1738,524,107,1861,2
1739,816,170,1670,1
1740,1423,110,1100,2
1740,756,180,1914,1
1740,803,158,1174,1
1740,1301,157,1506,1
1740,1112,150,1017,1
1740,561,110,1686,1
1741,618,175,1158,1
1741,545,115,1872,2
1741,1364,137,1605,1
1741,1486,130,1645,1
1741,641,181,1082,1
1741,1433,195,1746,1
1741,1339,124,1187,2
1741,886,157,1751,1
1742,799,196,1533,1
1742,1399,163,1173,1
1742,1104,178,1771,2
1742,1049,195,1844,2
1742,763,130,1521,1
1742,616,188,1439,1
1742,1230,188,1121,2
1743,1389,149,1216,2
1743,912,101,1306,2
1743,506,171,1013,1
1743,1413,121,1165,1
1743,654,107,1984,1
1743,599,173,1365,1
1743,733,196,1230,1
1743,580,118,1193,1
1744,573,181,1852,2
1744,1222,153,1013,1
1744,1116,117,1967,1
1744,1160,160,1441,1
1744,1326,112,1233,1
1745,1346,160,1109,2
1745,663,112,1727,1
1745,676,111,1678,2
1745,1418,158,1488,2
1746,765,176,1418,1
1746,1076,186,1560,1
1746,772,146,1001,2
1746,716,111,1679,1
1747,1022,134,1215,1
1747,1154,183,1164,2
1747,1404,185,1511,1
1747,962,142,1623,1
1748,1322,103,1764,1
1748,1299,152,1973,2
1748,814,134,1442,2
1748,1096,135,1526,1
1748,1064,176,1486,1
1749,1164,105,1814,1
1749,1486,184,1698,2
1749,1200,112,1712,2
1750,623,129,1694,1
1750,1208,138,1829,2
1750,900,134,1530,2
1750,776,116,1239,1
1750,1421,186,1054,1
1750,708,127,1731,1
1750,763,196,1819,2
1751,903,114,1555,1
1751,1384,185,1051,2
1751,762,102,1211,2
1751,1307,136,1419,2
1751,970,117,1316,1
1751,1313,112,1794,1
1751,1340,180,1497,1
1751,614,118,1692,2
1751,1100,159,1266,2
1751,1023,125,1897,2
1752,949,150,1593,1
1752,1246,183,1888,1
1752,911,105,1462,1
1752,1020,175,1961,1
1753,963,104,1196,2
1753,1014,137,1812,2
1754,796,160,1843,1
1754,1152,103,1894,2
1754,1024,139,1565,2
1754,581,111,1410,1
1755,1138,138,1972,2
1755,612,177,1036,2
1755,1419,145,1020,1
1755,746,112,1295,2
1755,898,112,1914,1
1756,641,196,1779,2
1756,1067,191,1320,1
1756,807,198,1764,1
1756,540,133,1456,1
1757,999,188,1175,2
1757,1055,118,1596,2
1757,736,101,1918,1
1758,1095,120,1042,1
1758,1078,105,1814,1
1758,961,180,1927,1
1758,801,140,1307,1
1758,1454,169,1490,1
1758,1495,126,1863,2
1758,1464,104,1249,2
1758,1019,130,1086,1
1758,1005,134,1790,1
1758,1250,119,1286,2
1759,1493,186,1496,2
1759,1191,173,1049,1
1759,1227,104,1284,1
1759,526,158,1710,1
1759,652,130,1364,2
1760,1224,169,1393,1
1760,1194,176,1254,1
1760,1039,153,1439,2
1761,1096,165,1234,2
1761,722,135,1062,1
1762,642,181,1158,1
1762,1343,112,1607,1
1762,627,141,1680,2
1762,1281,156,1900,1
1762,1431,149,1409,2
1762,1024,172,1760,2
1763,1076,162,1623,2
1763,1039,158,1905,2
1763,1027,183,1028,1
1763,1057,177,1708,1
1764,1430,153,1854,2
1764,588,100,1884,1
1764,1311,131,1189,2
1764,744,129,1101,1
1764,770,171,1735,2
1765,1377,136,1665,2
1765,503,105,1060,2
1765,1490,180,1621,1
1765,671,107,1727,2
1765,972,134,1836,2
1766,892,145,1400,2
1766,790,103,1870,1
1766,711,110,1839,1
1766,1228,156,1650,1
1766,901,121,1799,2
1766,1232,189,1754,1
1766,782,122,1257,2
1767,660,155,1881,1
1767,1008,199,1558,1
1767,1472,147,1544,2
1768,546,131,1377,1
1768,1169,130,1556,2
1768,1268,140,1115,1
1768,769,158,1462,2
1768,1498,144,1957,1
1768,972,186,1478,1
1768,1366,122,1606,2
1768,871,104,1652,2
1768,524,188,1087,2
1769,1053,188,1235,1
1769,1245,119,1929,2
1769,509,114,1246,2
1769,1048,164,1296,2
1769,555,185,1919,1
1770,689,119,1767,1
1770,1384,157,1086,2
1770,1202,128,1891,1
1770,1378,100,1809,1
1770,1113,126,1718,1
1770,825,157,1451,1
1771,741,107,1831,2
1771,733,119,1262,1
1771,1057,125,1636,1
1772,1242,109,1636,2
1773,560,120,1854,1
1774,1014,144,1548,1
1774,654,160,1394,2
1774,568,195,1423,1
1774,691,149,1530,2
1775,782,164,1565,1
1775,907,147,1403,1
1775,1375,111,1417,2
1775,990,169,1663,2
1775,1256,110,1552,2
1775,1347,130,1406,2
1775,1404,174,1319,2
1776,704,157,1197,1
1776,1112,112,1263,2
1776,1375,187,1951,1
1776,715,167,1622,1
1776,958,170,1368,2
1776,535,191,1596,2
1776,864,174,1142,2
1777,1390,152,1376,2
1777,859,156,1740,2
1777,623,119,1696,2
1777,689,156,1525,1
1777,1339,129,1184,2
1777,1410,146,1411,1
1777,549,123,1304,2
1777,1440,184,1503,2
1778,1290,125,1867,2
1778,1099,102,1698,2
1778,511,135,1597,1
1779,632,151,1549,1
1779,1356,145,1908,2
1779,1287,161,1626,2
1779,1387,138,1115,1
1780,591,154,1629,2
1780,962,125,1327,1
1780,1026,177,1535,2
1780,1351,112,1310,2
1781,919,169,1590,2
1781,546,137,1697,1
1781,580,170,1500,2
1781,1139,144,1122,1
1782,740,145,1746,2
1782,850,186,1502,2
1782,946,142,1291,2
1782,1375,152,1361,2
1782,612,152,1200,2
1783,1312,193,1868,2
1783,1427,174,1392,1
1783,901,111,1086,2
1783,787,154,1595,2
1784,578,149,1927,2
1784,1234,180,1912,2
1784,836,152,1981,1
1784,528,115,1771,1
1784,1419,110,1418,1
1785,1094,142,1582,2
1785,1078,153,1057,2
1786,719,187,1836,2
1786,701,191,1612,1
1786,756,194,1309,1
1786,1098,138,1566,1
1786,1273,166,1825,1
1787,1433,141,1584,2
1787,1183,132,1378,1
1787,1130,142,1709,1
1787,671,120,1233,1
1787,1112,148,1492,2
1787,1264,152,1394,1
1788,626,137,1341,1
1788,820,194,1243,2
1788,1484,121,1915,1
1788,570,108,1787,1
1788,970,154,1283,2
1789,1430,110,1679,1
1790,1408,146,1926,1
1790,888,173,1545,2
1790,836,186,1744,2
1790,838,162,1578,2
1790,928,132,1336,1
1790,889,184,1582,1
1790,1234,163,1810,1
1790,1070,122,1462,1
1791,1353,111,1041,2
1791,1366,144,1232,2
1792,1066,124,1300,2
1792,1222,156,1025,2
1793,1229,192,1377,1
1793,544,108,1491,2
1793,760,182,1718,2
1793,644,175,1549,2
1793,764,198,1117,2
1793,699,190,1131,2
1793,1007,140,1039,2
1794,609,149,1071,1
1794,1370,105,1907,2
1794,1093,198,1583,1
1794,681,181,1542,1
1795,1140,118,1086,1
1795,789,111,1993,2
1795,888,130,1604,2
1796,1058,160,1741,2
1796,979,154,1839,2
1796,1229,102,1748,1
1797,550,114,1709,2
1797,1377,170,1829,1
1797,607,160,1620,2
1798,1110,136,1779,1
1798,950,123,1801,2
1798,868,147,1761,2
1798,615,119,1552,1
1798,520,145,1649,2
1799,868,140,1207,2
1799,1358,132,1735,1
1799,576,111,1148,1
1799,1174,151,1208,1
