16500,1352,1035,138,2.6291985527259887
16500,839,1488,172,1.0785317134572798
16500,824,1242,115,2.116834584394022
16500,1124,1319,100,1.268465620322288
16500,827,1005,115,2.361568597784898
16500,1480,1487,145,2.9792946591482163
16501,1351,1519,179,2.31937600257916
16501,1296,1608,179,1.2488613084658902
16502,898,1123,142,1.7303906986837645
16502,1114,1768,105,1.2148240205625123
16502,1342,1118,124,1.8395407791671898
16502,661,1159,192,1.7970588738004272
16503,649,1432,102,2.8136430288841026
16503,666,1993,172,2.9905295633402105
16503,1213,1259,134,2.1393053165357117
16503,1344,1183,137,2.901816418768635
16503,1313,1716,102,1.3595869027134626
16504,1350,1039,137,1.1095751533221772
16504,1200,1782,112,1.8132972696378846
16504,816,1235,193,2.2039875080811404
16504,517,1671,159,2.535231997575962
16505,546,1614,123,1.3542279456607915
16505,1200,1816,143,1.0664135230569853
16505,607,1629,120,2.4741777979119606
16505,1138,1489,130,1.0133734413819682
16505,1135,1555,109,1.7548678410135174
16506,1477,1105,166,1.2967861405166627
16506,528,1914,167,2.5479652535922295
16506,1449,1446,151,1.04745743738915
16507,1258,1615,153,1.32085474388303
16507,1410,1968,111,1.4845006142840973
16508,678,1139,127,2.555901762473902
16508,684,1511,121,1.7645931406558284
16508,1396,1003,138,2.8566249830074533
16508,1362,1927,121,2.4310516506211206
16509,1325,1600,159,1.5364201723471047
16509,1339,1524,126,1.906000805544854
16509,1074,1315,164,2.8639537719442947
16510,644,1181,132,1.8425374064537687
16510,1273,1092,141,2.54228751202489
16510,844,1826,168,2.1450623054833855
16510,884,1605,183,2.0351249886401366
16511,684,1473,197,2.571557833494431
16511,896,1449,135,1.5533112292306532
16511,1048,1438,178,1.3070648470390462
16511,548,1116,112,1.6600220440507019
16511,1439,1978,191,2.3994195443035284
16511,792,1058,120,1.595092468893744
16512,1048,1025,115,2.4165331507040957
16512,1222,1999,190,1.0229970885248623
16512,959,1862,148,2.963334475257566
16512,1175,1746,124,1.7408807043896912
16512,802,1755,174,2.9949703445529545
16513,1047,1396,125,2.961318749690534
16513,1353,1473,113,2.0812564062845493
16513,583,1989,198,1.1336909618952853
16513,515,1932,100,1.3577691376065777
16514,996,1958,180,1.175859856956188
16514,1436,1240,177,2.2869429155175443
16514,1069,1458,135,2.4525722061935697
16514,1095,1656,102,1.8632950715810062
16514,1426,1452,177,2.781010786319408
16515,737,1061,118,2.517578278889512
16515,832,1368,106,2.1924121232294347
16515,711,1705,119,2.123406887866051
16515,785,1674,150,2.1497312563086735
16516,604,1424,106,1.7793636660604686
16516,912,1217,112,2.052168403187947
16516,510,1366,156,2.1447675838690685
16516,785,1184,177,2.8028693589927
16517,1416,1621,102,2.7818145086453883
16517,1180,1772,105,2.281064700387705
16517,1010,1938,110,2.532527970504783
16517,635,1577,154,1.4365167420447569
16518,619,1301,157,1.033755949375047
16518,1165,1110,138,1.2817865542293367
16518,1344,1688,195,2.96151471469315
16518,790,1093,169,2.842618477121702
16519,1434,1584,158,1.232449282780366
16519,723,1768,184,2.2857023184036827
16519,1473,1069,104,2.2427197121847184
16520,859,1543,116,2.4557554264647514
16520,999,1113,101,1.5742712029134749
16521,1323,1008,194,2.5975513555647147
16521,707,1116,160,1.1218736498673652
16521,948,1983,196,2.110463051707243
16521,1138,1239,163,1.5556528795217877
16521,909,1057,186,1.9080732981451736
16521,539,1076,188,1.257317227089664
16522,1221,1608,130,1.723445318117158
16522,588,1912,133,1.0560691019068011
16522,1023,1275,100,2.223029913074536
16523,1285,1346,156,1.2287807049469728
16523,1178,1964,149,2.5757255595640207
16523,963,1004,159,1.6053732373236953
16523,910,1293,174,2.0137248653315867
16523,760,1377,189,1.8066610267542322
16524,1289,1485,132,1.7675633725013646
16524,942,1455,158,2.335034099867454
16524,1267,1300,148,2.8195343628769383
16524,1453,1346,107,2.8452823290505416
16525,698,1977,151,2.6761646096565226
16526,966,1397,127,2.6096466033784345
16526,879,1191,114,2.3409293953293666
16526,576,1980,134,1.8397889297696686
16526,1078,1360,139,1.641340771247472
16526,1450,1250,144,1.313760649787014
16526,1325,1210,143,2.62184661056242
16526,912,1346,152,2.0648916715501584
16526,728,1119,109,1.1835035448488638
16528,1296,1293,168,1.8508511899037792
16528,1390,1723,175,1.1363037200997526
16528,1302,1731,164,2.8059052173786583
16529,1342,1165,174,1.5902627114569459
16529,1118,1023,162,1.346703165079335
16529,1198,1684,113,2.0216357361040047
16529,1426,1696,105,2.2012598693805234
16529,795,1319,139,1.1550807025883219
16530,1230,1886,119,2.5775704860400195
16530,1337,1166,111,1.4963118492854153
16530,1476,1992,140,2.9468599691240205
16530,1226,1455,141,2.601124915133357
16531,965,1543,100,1.6142666252040134
16531,1296,1249,198,2.44558308919662
16531,511,1460,126,1.9620699323998119
16531,1123,1154,100,1.7199253475503504
16532,1063,1662,172,1.9800943317378525
16532,1497,1893,166,1.501897797581281
16532,1283,1170,137,1.404466098665615
16533,1400,1904,123,1.1979276120317206
16533,793,1343,180,2.65088117797288
16533,1174,1666,118,2.3138182805002305
16533,861,1911,142,2.0871765946099385
16533,1416,1580,106,1.2789573090336728
16533,591,1680,118,1.6086173454970143
16533,1157,1333,144,1.4382059482150416
16534,1117,1987,152,1.0630456079727189
16534,1039,1757,174,2.0673474397553715
16534,1217,1841,187,1.6860503551276445
16535,1499,1621,156,2.3049885635402436
16535,739,1386,123,1.2037953589500636
16536,851,1881,169,1.138431365756092
16536,1070,1730,171,1.7442804315636273
16536,1371,1636,140,1.6483234300605352
16536,678,1517,149,2.0131622797407642
16536,1170,1760,187,1.202093903474076
16538,1481,1870,197,2.7657803791952884
16539,1212,1801,136,1.0577714803073006
16539,595,1565,159,2.2143855557787027
16539,853,1403,183,2.6943979314963658
16539,529,1551,144,2.5316093867455796
16539,517,1644,187,2.7553067998203784
16539,928,1815,170,2.1366835871988688
16539,1328,1750,150,1.6885248189387168
16540,1195,1203,153,2.2765812976367146
16540,1119,1147,121,2.355486613562429
16540,522,1480,155,2.889773342395153
16540,709,1221,176,1.8368578286832562
16540,1204,1769,165,1.2041329850005797
16540,1380,1721,128,1.3228408626031594
16540,581,1926,167,2.2771294758444127
16540,816,1396,179,1.1907270398696725
16540,854,1394,127,1.4358431901410134
16541,621,1094,110,2.647910936227751
16541,1218,1649,149,1.3191851428473669
16541,1309,1796,179,1.4801312499904185
16542,626,1887,119,1.3982618770749897
16542,1031,1098,117,1.9735841449384401
16542,552,1573,132,1.260013176828704
16542,1093,1008,163,2.0499215882436577
16543,1120,1103,118,2.999395616040191
16543,833,1365,187,2.4520412854167852
16543,986,1382,197,2.2015539581370596
16544,982,1635,156,1.6055810751718103
16544,705,1856,109,1.1015822630562278
16544,833,1829,145,2.3998727071629498
16545,701,1730,131,1.3916910518775112
16545,1147,1478,165,2.6414692050932693
16545,1352,1478,163,1.4899385330394
16546,1479,1393,141,2.626203352653483
16546,897,1495,189,2.486282618754784
16546,1493,1169,102,2.9103722042027176
16546,835,1212,110,1.0212433954645102
16546,1005,1535,113,2.829178965193808
16547,945,1596,173,2.951745586972067
16548,1100,1710,134,2.404141550023887
16548,1444,1518,136,2.3620861955090566
16549,1289,1114,190,2.5491546717541036
16549,945,1960,101,1.6945008246987767
16550,1152,1124,181,1.21088502202193
16550,663,1167,161,2.4916019129139895
16550,678,1502,109,2.5662248291789727
16550,557,1217,158,2.001847016637745
16551,613,1072,146,2.8771917169513985
16551,534,1263,102,2.46649454954353
16551,826,1832,104,1.6803474320692964
16551,1262,1298,110,2.326373282169496
16552,1156,1500,182,1.5582924657011181
16552,738,1224,162,1.3778572398160345
16553,1396,1316,128,2.2951099488369833
16553,625,1488,140,2.62515252736603
16553,1084,1789,170,2.4287080366996943
16554,1040,1805,165,1.7587483838760076
16554,937,1371,113,1.5249019647669555
16554,1474,1409,122,2.6790920999149685
16555,980,1353,197,1.6446755969915627
16555,1278,1908,161,1.1638551891875568
16555,906,1265,143,2.92096918699591
16555,1443,1073,197,2.1769246583697615
16556,1329,1395,124,2.112817235633845
16556,875,1804,176,2.816742136182947
16556,744,1627,110,1.9729347953798828
16556,849,1198,156,1.3399621753166135
16556,572,1941,138,1.0990405012352287
16557,1425,1075,174,1.44923407948424
16557,1485,1208,125,2.076960756728393
16557,556,1054,183,2.672227130060594
16558,1044,1521,148,2.1423868493510208
16558,1271,1294,189,2.5355838432103965
16558,1466,1420,172,2.4186457472691285
16558,734,1047,156,1.2865383036732922
16558,1211,1839,190,1.8871215352586284
16558,1361,1808,177,1.2717678588038706
16559,968,1712,169,2.455195534091214
16559,994,1867,137,2.9778322820521224
16559,587,1108,108,2.9560174068444236
16559,803,1025,135,1.0305707000762796
16559,1397,1127,151,2.1923463215539956
16559,1395,1594,118,2.329265769039566
16560,1459,1308,136,2.2319763881641697
16560,610,1644,135,1.5040383132265096
16560,1185,1772,135,2.36294699245993
16561,881,1689,145,2.49338491956322
16561,530,1985,153,2.185887110040591
16561,1199,1096,152,1.4025654725141086
16561,831,1877,161,1.5599407219679196
16561,1374,1820,193,1.334828093423408
16561,977,1836,111,2.096277837202978
16561,1047,1642,102,1.2906472139531004
16561,942,1763,197,2.927496449350056
16562,834,1520,190,2.170876988622516
16562,1309,1403,165,1.1070070231713156
16562,1356,1487,157,1.9120317548438648
16562,1218,1402,158,1.8230082355173105
16562,571,1411,100,1.3874267272791991
16562,963,1620,167,1.8898420627330463
16563,1457,1149,154,1.1780449374551254
16563,1452,1317,165,2.715033716958285
16563,1165,1763,161,2.9941472672859053
16563,1110,1434,141,2.4773731742114444
16563,1188,1310,113,2.033512103027584
16563,936,1620,103,2.0189465154444717
16563,952,1455,183,1.71603009753663
16564,747,1703,192,2.5865116271159705
16564,691,1799,174,2.759039533648898
16564,1015,1884,136,2.0247734093866168
16564,501,1594,148,1.016973830356871
16564,1080,1039,134,2.9890103305277513
16565,884,1680,134,1.8660198408589113
16565,973,1761,170,1.2486606118369963
16565,547,1554,132,1.1547237001257182
16565,796,1898,150,2.8997449337216468
16566,507,1214,106,1.7236067140307372
16566,1410,1414,169,2.0249013812931755
16567,1015,1025,120,1.957547963837577
16567,544,1745,173,1.6884120725608533
16567,846,1646,189,1.5240887457728176
16567,1116,1668,151,1.5823217175850155
16567,1309,1042,196,1.6123771817995771
16568,899,1455,140,1.063791548080693
16569,1100,1308,105,2.942130451877934
16569,539,1649,176,1.3389554929146057
16570,1273,1066,165,1.1364160497345752
16570,1132,1836,104,2.1221311130083595
16570,575,1195,102,1.763610047059512
16571,1396,1943,141,2.9639061424065813
16571,713,1749,102,1.256616767583607
16571,520,1504,173,2.093819961337868
16571,1068,1880,163,1.388662801375977
16571,691,1619,111,2.834495871127949
16572,741,1743,139,2.054883956425748
16572,741,1927,112,1.3139260736502794
16572,646,1853,155,2.9980170466274636
16572,663,1398,141,1.3671901845357364
16572,1023,1299,107,2.497326935129119
16572,951,1785,105,1.4719079116829332
16572,1431,1112,107,1.4935612032231975
16573,1322,1814,196,1.196704950115639
16573,1281,1168,103,1.5426382981522884
16573,549,1683,151,2.6274325869181587
16573,1349,1880,182,2.9373248862625276
16574,1160,1619,172,1.124918254325877
16574,811,1134,131,1.5518753483938166
16574,1285,1238,136,1.952191867517718
16574,528,1197,182,2.4337337344826553
16574,557,1214,167,1.8480806870072821
16575,1373,1821,172,2.7556928994075394
16575,1277,1020,120,2.168035366978944
16575,936,1834,106,2.4683501806074264
16575,1132,1942,145,1.8988726074841402
16575,1019,1935,147,1.7569030594608515
16576,545,1924,139,2.015929869717073
16576,809,1286,116,2.4264832570529684
16576,1378,1742,185,1.590677665805758
16577,552,1418,114,2.4210525322228076
16577,522,1925,198,2.5150894301825026
16577,636,1905,183,2.342130857404739
16578,1006,1802,153,2.3096527923527437
16578,551,1396,134,1.7551403053426942
16578,544,1344,125,2.3207690877063043
16579,1343,1477,165,2.488985523776617
16579,1194,1174,148,2.2678475854189735
16579,1318,1656,160,2.7449725624094117
16580,1001,1744,128,2.2795679543862235
16580,718,1641,121,1.33435345077048
16580,1257,1186,152,2.154458256666505
16581,1061,1715,134,1.8156565379849872
16581,577,1499,139,1.0830557452891583
16581,629,1185,195,2.3061700392724687
16582,668,1936,154,1.1038763639965912
16582,1037,1625,172,1.4690100652476024
16582,819,1519,163,2.7283240795501453
16582,665,1374,136,2.327032789473
16582,1029,1038,134,2.052882257446383
16583,1330,1255,135,2.0705564936935437
16583,1257,1217,121,2.680301592942876
16583,915,1775,169,2.9429686227262586
16583,1356,1303,105,1.952937164279779
16583,1374,1204,118,2.769967807908718
16583,1379,1196,162,2.484377050752017
16583,1358,1731,170,2.0547356685131497
16583,624,1561,107,1.2391466761216419
16583,1406,1000,116,2.4011263122016913
16584,706,1948,190,2.781069443543445
16584,626,1391,103,2.7267173996517267
16584,823,1400,142,2.2019984641623283
16586,1371,1412,129,2.1118409144805383
16586,895,1873,145,2.0554952588846116
16586,1159,1407,173,2.7089510470075258
16586,1141,1795,142,1.0852802662484653
16587,840,1696,157,1.5265200698097532
16587,1158,1683,104,1.5497380412069415
16587,1201,1122,141,2.8188911326434978
16588,719,1535,168,1.7426678071150303
16589,763,1453,138,2.3970481756134623
16589,1028,1611,133,1.9192870326038238
16589,633,1148,183,1.6012076044555141
16589,556,1596,111,2.622092171036413
16589,1333,1622,125,1.1349969653197414
16589,824,1074,132,1.5488123148837976
16590,946,1617,158,1.2286349464156747
16590,1277,1014,170,1.081249830073289
16590,1172,1045,173,2.568016209688409
16591,1432,1709,122,1.002210133274947
16591,1307,1397,184,1.1474095537030555
16591,1269,1633,169,2.569831900292038
16591,1206,1838,113,2.576117026724156
16592,735,1589,133,2.9536340417572635
16592,579,1485,174,2.667665880164881
16592,1389,1794,140,1.5846980482650561
16593,625,1929,125,2.9118545289414848
16593,1287,1115,184,1.3364692353923684
16593,879,1543,169,1.0484123718475005
16593,1337,1105,130,2.108457735552987
16593,1013,1107,193,2.7802037814878595
16593,1331,1769,171,2.7007699954771267
16594,929,1986,178,2.6756683775711423
16594,1360,1961,190,2.8328789106227417
16595,558,1769,156,2.440221038816965
16595,1326,1380,194,1.0372283859450662
16595,749,1763,147,2.884654031003668
16595,867,1411,131,1.0696696186254067
16595,625,1167,147,2.832321091602971
16595,549,1012,112,1.1066963139079458
16596,1491,1797,180,2.424675607247752
16597,505,1557,108,2.0992163000413697
16598,817,1743,142,2.070170772854629
16598,1208,1303,128,1.3148619194026234
16598,1056,1506,177,2.6076197779616317
16598,1158,1164,180,2.2299790055780164
16598,1275,1725,184,2.242710642678248
16599,972,1784,167,1.2953025231537463
16599,1217,1456,134,2.5740763292115307
16599,1120,1363,130,2.9452334212384734
16599,600,1033,121,2.057384394690602
16599,775,1027,127,2.8724467871834793
16600,504,1720,190,2.922487037298967
16600,1208,1065,171,2.2133069684426907
16600,1182,1474,145,2.349693362777596
16601,1298,1586,197,1.2144041836992314
16601,1491,1153,111,2.2906497968965267
16601,794,1367,165,1.1024844831940181
16601,754,1113,144,2.364481843874124
16601,1253,1262,102,1.1670331300398273
16602,1421,1877,196,1.6882828667808973
16602,1378,1537,105,1.5833170705398854
16602,1178,1437,103,2.4692082998721867
16602,1305,1982,112,2.4458838950895165
16602,1333,1697,140,2.590577145060051
16602,905,1767,183,1.4288144634723663
16603,1443,1056,108,2.6062409299512574
16603,514,1028,153,2.372200274665064
16603,1351,1638,192,2.4286878679243156
16603,1212,1533,151,2.030243311300146
16603,1203,1370,174,1.2245946853349567
16603,752,1486,146,1.0947403633326915
16603,874,1864,129,1.8443597697922998
16604,1330,1267,141,1.6636844986628458
16604,1037,1661,167,1.7394954008207173
16604,972,1758,105,1.128646326607143
16604,883,1448,134,2.6090035005449144
16604,1187,1925,166,1.1475998175852407
16604,1387,1372,130,2.4902362393602804
16604,517,1899,135,1.9520196791677602
16605,1467,1694,178,2.1599700838298013
16605,676,1239,121,2.7162231434201685
16605,1196,1393,101,2.4593709313562675
16605,609,1368,154,2.183183038063567
16605,1314,1494,179,2.2718040317995274
16605,1006,1100,189,2.7990789857066813
16605,910,1700,147,1.8117788034564877
16606,595,1035,106,2.932820984162184
16606,1467,1480,138,2.079992766330842
16606,1435,1872,196,1.827640857918936
16606,1308,1518,145,2.4084384254656026
16606,678,1732,171,2.1316519148789066
16607,1384,1261,146,1.1307579058199926
16607,737,1887,163,1.394612419040938
16607,1019,1875,148,1.9061397728446934
16607,608,1179,155,1.2433715532675476
16607,501,1908,172,2.140260546188975
16607,732,1991,125,2.5774080833981223
16607,1287,1941,143,1.6977368360451488
16608,859,1411,167,1.8794816691552767
16608,1385,1414,154,2.7060084779472042
16608,1213,1084,103,2.9905310082265006
16608,1060,1161,189,1.399008758153891
16609,704,1675,117,1.8642572370024904
16609,761,1654,131,1.2428892333985928
16609,684,1962,157,1.253830010416872
16609,1180,1652,170,1.1667058210083399
16611,1436,1833,127,2.0355888593517566
16611,1051,1616,139,2.3488584979749145
16611,1153,1264,133,2.06083560206962
16611,848,1170,179,2.088430029147653
16611,914,1102,163,1.4174324248822687
16612,1384,1699,163,1.6220910019920145
16612,1234,1454,191,2.4049842302236057
16612,671,1460,154,2.0693171035327147
16613,1033,1107,172,2.026914201257289
16613,705,1205,139,2.899972836960929
16613,760,1149,138,2.291350296926881
16613,1218,1127,193,2.780214953986305
16613,1120,1655,132,2.442873789198074
16613,749,1936,113,2.0121912382022593
16614,1346,1798,103,2.7023667374452627
16614,565,1037,173,1.5392280344587443
16614,866,1672,148,2.3219146460123055
16615,780,1399,136,1.7922696410375458
16615,895,1114,194,2.597627735397004
16616,1483,1299,148,2.0183944549834623
16616,976,1657,188,1.0747333813692839
16616,792,1700,118,2.0743603786498728
16617,1176,1216,137,2.092419802287619
16617,909,1206,109,2.9113269225893834
16617,705,1596,142,2.624074971238178
16617,1350,1312,163,2.8918506956877357
16617,640,1452,177,1.0542459302267209
16617,1022,1704,147,1.4634775905919335
16617,931,1377,117,1.5022053103386985
16617,1427,1062,196,1.8176839196163088
16618,1146,1913,148,1.0612533346506183
16618,894,1217,187,2.7746379534668764
16618,912,1570,154,1.0407112092943038
16618,1325,1916,116,1.062856683421413
16618,1382,1854,104,2.545683915132634
16618,1012,1171,168,1.1759120608790503
16618,1027,1326,149,2.3496700426301897
16618,1007,1173,176,2.2789134145777723
16618,1495,1219,147,2.170033808122663
16619,744,1131,131,2.1030336397823945
16620,566,1510,151,1.3708884331600213
16620,1262,1394,153,2.5196336888435376
16621,528,1137,160,2.601621675606497
16621,1447,1591,105,1.622179463713418
16621,1226,1325,116,1.3837919750369667
16622,851,1314,101,2.4398902850259985
16623,954,1920,135,1.3163663739093578
16623,862,1244,149,1.7738160079194076
16623,625,1399,167,2.3039402477070707
16623,986,1000,132,2.140645438373409
16623,1156,1543,119,1.5949325874411493
16623,1072,1789,119,1.323806214704608
16623,519,1221,154,1.4180275588364577
16625,655,1814,181,2.30925849307765
16625,606,1772,153,2.583993767962238
16625,1019,1641,144,1.5086235674073925
16625,1137,1900,166,2.5769163438748994
16625,1083,1026,131,2.9005642872707647
16626,536,1779,112,1.1108667359455409
16626,1055,1870,103,1.643690254957643
16626,634,1893,148,1.2485352713623752
16627,1180,1202,133,1.3123364762878962
16627,1479,1375,149,1.9924172209653548
16627,1280,1799,106,1.3643832791713826
16627,1230,1719,130,2.394413305091396
16627,1466,1686,162,2.8612050561681603
16627,1154,1606,177,1.7480256980571351
16627,1211,1447,165,2.6022938169045133
16628,1398,1434,108,2.478037285984982
16628,1333,1363,173,1.9141635502899708
16628,574,1675,120,2.933419125139414
16628,513,1655,186,2.445133171014866
16628,708,1748,153,2.346911100385544
16629,751,1929,196,1.8045503919039545
16629,1022,1707,139,2.458422307309595
16629,630,1487,117,1.9665738393333998
16630,1046,1009,175,1.3438586326509263
16631,1059,1564,127,2.199201382525499
16631,989,1673,144,2.117854517700726
16631,1329,1092,117,1.8830544112838798
16632,1281,1008,196,2.900768986648419
16632,1289,1977,123,2.4909555475488876
16632,1289,1892,170,1.2967491344460487
16632,921,1155,159,2.1079328267576294
16632,1176,1897,169,2.9670408141315123
16632,533,1479,155,1.1103032781908604
16632,1158,1865,143,2.3374762609778266
16633,1383,1683,106,1.528001337189275
16633,1460,1256,139,1.8471474149489264
16633,1263,1749,134,2.5819797070275197
16633,662,1073,150,2.841291335201783
16633,1200,1977,177,1.0540208038868417
16633,810,1370,137,1.0245771431304493
16633,1441,1800,143,2.661605418786542
16634,927,1538,151,2.096673844332622
16634,826,1035,116,1.8713377845870498
16634,1087,1490,147,1.6602969282887858
16634,640,1050,154,2.1502043452542012
16634,603,1864,171,1.4857127991575676
16634,1150,1631,179,2.5389525242439035
16634,1350,1409,109,2.149374418368512
16634,1185,1308,130,1.3094496112983067
16635,1245,1354,123,1.9602995089905937
16635,1139,1221,104,2.409515822987802
16635,671,1897,127,1.9025680021034677
16636,1332,1272,120,2.914714474051655
16636,699,1233,185,1.1009031467324375
16636,739,1014,178,2.5863366916781225
16636,1032,1234,136,1.9387078117334973
16636,860,1036,189,2.849096728385862
16636,1272,1569,111,1.2053171948889987
16636,1139,1662,102,1.701900442396972
16637,1207,1069,183,1.6525076710057527
16637,1169,1970,109,1.144091130668218
16637,1104,1582,114,1.2880550185984703
16637,901,1350,127,1.102390025478974
16637,546,1897,145,2.4237980539392865
16637,1078,1242,104,2.418158474389677
16638,778,1433,136,1.8672959891001597
16639,1368,1962,174,2.0512418303789266
16639,583,1256,165,2.76279944464198
16639,520,1185,193,1.9593094138338647
16640,891,1393,131,1.799819848284277
16640,629,1516,105,1.2428565061173467
16641,685,1479,161,2.236805472981074
16641,1173,1883,110,2.289857239199412
16641,1011,1011,115,2.0041270222783174
16641,610,1232,146,1.1947130820508156
16642,502,1158,138,1.4335675241504429
16642,1078,1253,118,2.666310440528781
16642,821,1855,113,2.2050063093245456
16643,670,1935,190,2.70275814438696
16643,1412,1563,148,2.874615768426372
16643,1196,1966,137,2.333930563485802
16643,1011,1207,170,2.4928798275209543
16644,1421,1420,133,1.8204185386493998
16644,859,1569,198,2.323435176053316
16645,1215,1068,192,2.2042253512924237
16645,776,1300,186,2.6978601230345487
16645,1352,1296,147,1.7482190525621264
16645,1254,1784,164,2.6905045380100807
16645,1474,1755,125,1.9938609167752785
16645,820,1228,191,1.6473199336723954
16646,788,1147,142,2.54857948691682
16646,1415,1058,117,1.9796953822826402
16646,948,1299,167,2.334504175324059
16646,501,1336,155,1.655164416375703
16646,722,1956,169,1.5296971181942949
16646,1121,1781,152,1.5141927294045683
16646,1282,1046,106,2.134484914414908
16647,1388,1331,178,1.8280055774810948
16647,1430,1885,109,1.22807777768273
16647,1124,1832,127,1.9407684728920336
16647,610,1400,191,1.9852526163817896
16647,500,1019,198,2.290647505029284
16647,528,1048,177,1.5700098493105317
16647,632,1607,116,2.2190585210650564
16648,1106,1221,156,2.7673342350426813
16648,896,1829,181,1.0127464919130038
16648,563,1082,130,2.7619487764853634
16649,1334,1413,165,1.8594585069391434
16649,1070,1404,139,1.509894338506537
16649,777,1185,129,1.1058328165210403
16649,1471,1145,100,1.3301362429525132
16650,917,1644,113,1.9490210817395144
16650,1250,1630,177,1.224497862871572
16650,1372,1052,166,2.220957485117472
16650,1301,1501,154,1.0363033781147917
16651,1275,1628,105,1.9194004279110986
16652,824,1234,122,1.016853604908875
16652,1314,1318,167,2.0222893880838955
16653,653,1286,104,1.8101640138014885
16654,654,1103,157,1.547001936792038
16655,1495,1139,130,2.023160291482057
16655,1134,1171,187,1.6719463447929
16655,746,1770,112,2.275210585907659
16655,926,1524,197,2.615261779323914
16655,1156,1010,164,2.9764432885907914
16656,824,1432,138,1.1416417467942301
16656,1199,1557,197,2.2242995662886775
16656,986,1032,169,2.896172476454775
16656,831,1529,198,1.9827590027575708
16657,682,1702,123,2.6503896965374736
16657,1274,1736,130,1.0826954354514604
16657,1065,1589,105,2.1772171843697796
16657,1418,1518,124,1.9195758560577498
16657,1233,1437,194,2.655913773670111
16658,733,1297,129,1.6604927468425223
16658,792,1970,153,1.7845245102055878
16658,1008,1786,186,1.9119722549255835
16658,583,1472,153,1.4960662191676337
16659,580,1274,124,1.0686766975966415
16659,721,1535,100,1.4197755749349845
16659,562,1490,191,2.6170104612152914
16659,1426,1569,112,1.5444192555334033
16660,1432,1919,148,2.9968152670071886
16660,1131,1794,175,1.960816032376473
16660,638,1573,154,2.961045924316285
16661,1239,1900,108,1.2069883041488958
16661,856,1781,131,2.2263203870114694
16662,503,1447,116,1.9104116177388863
16662,1012,1069,164,2.521468029061386
16662,904,1539,156,1.014254960851536
16662,1244,1483,106,1.5748135156597847
16663,1362,1174,185,1.7428625434053235
16663,1151,1739,132,2.7664954977661473
16663,576,1345,161,2.519803890838628
16663,752,1564,198,1.6746345743752065
16663,570,1714,112,1.0320384196712586
16663,909,1185,114,1.5740150757481632
16663,700,1401,105,2.68461325712141
16664,710,1607,167,1.710599557186177
16664,1154,1209,191,1.7592506982762406
16664,1133,1284,178,2.6069865623747646
16664,1362,1123,172,1.41347161827102
16664,1422,1043,187,1.2167259202128793
16665,1381,1637,172,1.218669508811612
16665,976,1887,198,1.1175148562956976
16666,600,1852,121,2.7824929477604545
16667,919,1171,183,1.5559406066786852
16667,855,1766,151,1.8963930604792572
16667,1336,1367,140,1.6551644577306457
16667,924,1098,174,1.7120130063874195
16667,983,1088,186,1.559968350925489
16667,766,1516,189,1.5874511169499408
16667,1397,1733,183,1.6726802928868985
16667,1423,1271,131,2.3762158789913363
16668,1420,1517,102,2.7055849440420654
16668,568,1709,178,2.630276053939517
16668,887,1397,180,1.7873664662396758
16668,844,1447,167,1.811392628742487
16668,955,1320,188,2.8688858499130765
16668,631,1408,107,1.4103428334436272
16668,1074,1699,130,1.4590959787568198
16668,928,1247,116,1.4564899085831116
16668,1413,1317,159,2.587623111913046
16668,1466,1077,184,2.2123317135024503
16669,644,1162,116,1.7235551952572525
16669,1177,1717,153,2.6575349290806543
16669,1030,1448,115,2.164130261418798
16669,701,1602,191,1.2762109533123467
16669,801,1629,115,1.3946901764102224
16669,848,1658,115,1.117530699047107
16670,1351,1365,186,2.1512200712087113
16670,696,1977,135,1.2047818021385857
16670,1369,1085,142,2.6553460237817816
16670,890,1931,121,2.415856454455729
16671,846,1890,125,2.3130006081702286
16671,548,1039,157,1.4871612172862936
16671,1196,1490,114,1.1979855332803326
16671,549,1331,157,2.58391954914514
16671,1429,1317,114,2.1807385714034107
16671,727,1529,140,2.343763853377764
16671,1400,1330,183,2.4115146330430206
16672,1048,1209,195,1.8298876349965585
16672,524,1574,172,1.5603153483903314
16672,560,1835,180,1.2985699698081858
16672,1491,1883,178,1.9556135525764355
16672,1350,1441,151,2.550358947288659
16672,1139,1061,121,2.019531778787557
16672,1006,1666,187,2.331478378664495
16672,1007,1701,118,2.895607808391466
16673,535,1228,163,1.722252089357785
16673,769,1552,131,1.2234592346959663
16673,1399,1464,137,2.36174870067706
16673,1028,1827,114,2.392678193842413
16673,1073,1241,171,2.8316272457031824
16673,1224,1393,156,2.6563295710693904
16673,522,1377,159,2.9422600378748074
16674,1330,1768,159,1.9862648999128758
16674,1494,1771,185,1.993123751359132
16674,1194,1723,172,1.463597095940931
16675,718,1961,184,2.0542940842782054
16675,1067,1956,126,1.225134458689448
16675,963,1683,117,2.665282655977614
16675,1309,1095,159,2.528367552347216
16676,1177,1390,127,2.050812706072711
16676,948,1497,194,2.0696591693632715
16676,792,1513,173,1.464081295529306
16677,619,1964,149,1.813935673652981
16677,735,1785,181,1.7078003316904304
16677,1036,1631,170,2.8830552639307956
16678,515,1018,128,1.1759121115653066
16678,689,1980,144,1.5560987400345283
16678,1298,1257,192,1.9055619169191373
16679,553,1538,183,1.7006609189527349
16679,836,1044,150,2.3808162519066354
16679,1192,1211,117,2.461532155757001
16679,514,1533,118,1.728185019877065
16680,1242,1492,193,1.5243288153038397
16680,1191,1982,112,1.5656008504380812
16681,1372,1373,190,2.8627768191022653
16682,784,1235,133,1.7289564340406176
16682,879,1582,120,1.8631760854850252
16682,1266,1133,182,1.0893018555319132
16682,595,1462,143,1.8871545654331492
16682,1270,1122,141,2.739535280538928
16682,1176,1635,121,1.3389974021282074
16683,1255,1021,197,2.607983297738623
16683,802,1146,158,2.2143298257462503
16684,1495,1464,125,1.9828535894253327
16684,969,1190,132,2.013993457944527
16684,1311,1137,155,2.8081336135485904
16684,553,1542,158,1.5823792509703836
16684,987,1294,129,1.5344089528267595
16684,1338,1456,157,1.1873270216902554
16684,503,1719,111,1.99449712449845
16685,1336,1608,103,1.0256322213650777
16685,1266,1609,114,1.5097162873106686
16686,1144,1449,124,1.8321302006881643
16686,1104,1941,168,2.7190495088097633
16686,793,1944,179,2.401092601782726
16686,1025,1979,169,1.1867355271344187
16686,739,1572,123,1.5766167188729345
16687,860,1155,121,1.8004194486846485
16687,533,1481,171,1.6508087269056946
16687,1112,1268,162,1.3748003867478962
16688,628,1491,111,1.031511504091912
16689,747,1890,168,1.2607909086766258
16689,1170,1426,102,2.902809344714572
16689,699,1896,181,1.6819466317224867
16689,780,1865,193,2.6646420309847194
16690,1115,1692,105,1.2781850499301974
16690,603,1898,167,1.77964933324493
16690,1079,1517,110,1.3548565959397059
16690,959,1330,122,2.141575361968745
16690,1423,1762,194,2.0143028902581586
16690,599,1748,134,1.9504032955307768
16691,803,1898,123,2.771787978871985
16691,1246,1746,197,2.0928619711606506
16691,1300,1021,114,2.2487240166957876
16691,927,1889,127,2.2765340598133887
16692,1498,1913,198,2.147405185652902
16692,940,1840,186,2.9519182854813337
16692,580,1113,137,1.5112697352781022
16693,1383,1566,186,2.5774786042635496
16693,1019,1019,109,1.2117637595923372
16693,931,1591,144,1.280323258598311
16693,1371,1821,181,1.7485199825249838
16693,552,1560,176,2.9463563751506383
16693,1378,1825,124,1.7939246183857283
16693,1303,1312,105,1.246651782754736
16694,756,1506,175,2.9932495642113297
16694,1348,1464,183,2.5706921149853237
16694,940,1091,183,2.8429794964536876
16694,856,1347,100,1.5713024469505947
16694,824,1076,108,2.231560502632726
16694,1490,1503,176,1.6775958564688065
16695,751,1693,161,1.6469474657267198
16695,1164,1859,109,1.6875067793458134
16695,811,1192,149,2.6773149510356897
16696,508,1699,192,2.8535252483426663
16696,1072,1354,160,1.5002791384120102
16696,1009,1946,165,1.9896274908495373
16696,1227,1760,114,1.7802036235056837
16696,1073,1946,137,2.408902605461246
16696,940,1541,199,2.363918243306733
16696,1405,1768,169,1.8798704446182275
16697,937,1847,194,2.9974020454569485
16697,1032,1194,171,2.973505221492343
16697,1007,1203,110,2.335287077747292
16697,576,1671,198,2.8897094593529693
16698,589,1066,117,1.9241439903210344
16698,697,1283,171,1.8475389526584471
16698,754,1958,120,2.0959029507626186
16698,797,1836,167,1.6386530073064722
16698,1319,1899,149,1.2989535751063277
16700,1116,1677,137,2.872804323360845
16700,642,1695,105,1.2014690089696054
16700,720,1424,161,2.186048723851203
16701,637,1357,195,2.547434148757943
16701,929,1551,153,1.6647465411687008
16702,1495,1612,133,1.4313968939084418
16703,751,1142,181,1.1182457948286755
16703,555,1495,189,2.327882612259594
16703,545,1999,194,1.3669355204194986
16703,847,1266,142,1.0560211609346348
16703,1035,1504,119,1.3326155265370245
16703,742,1223,171,1.2228323293433723
16704,851,1247,111,1.684154317841175
16704,597,1776,128,2.1462789196343484
16704,642,1044,191,1.1932097052114905
16705,951,1870,184,1.9500324213260367
16705,1486,1898,131,1.7176703779843219
16705,598,1337,104,1.2598654726778369
16706,672,1540,135,2.498548107613603
16706,961,1130,168,1.4549399887951437
16706,668,1319,114,2.2364945290778215
16706,877,1558,135,2.5189317507765825
16706,950,1259,198,2.3260610247094093
16706,855,1910,161,2.2377782878948507
16706,515,1050,119,1.5081533246603955
16707,668,1409,109,1.0872890073326573
16707,1299,1076,149,1.6150109719934973
16707,1273,1578,175,2.858561623332931
16707,1258,1324,187,2.609978887816292
16707,1211,1956,195,2.963372468478691
16707,562,1637,190,1.9364004966515838
16708,1189,1936,110,1.9700565355563762
16708,1023,1061,189,2.817356652156821
16708,959,1607,187,1.7141972958175205
16709,627,1348,115,1.154245711677768
16709,1204,1463,102,2.140719913112701
16709,1339,1752,161,1.8809458685616383
16709,1376,1129,137,2.9544089676404273
16710,593,1926,132,2.034929501414757
16710,528,1939,111,1.7397188415571965
16710,695,1196,120,1.586535174535584
16711,1417,1693,139,2.040782621089403
16711,1390,1713,111,1.1698653969043495
16711,1470,1612,192,2.2247989063966243
16712,861,1505,197,1.5052231815831354
16712,1173,1809,135,1.0997767618555252
16712,1029,1006,135,1.630211830053972
16712,955,1214,193,2.412831929763577
16712,1379,1278,147,2.2174424933186954
16713,571,1945,193,2.47228167746428
16713,1115,1100,175,1.828065830629125
16713,1172,1774,121,1.4794111953346938
16713,579,1076,196,2.851635690706453
16713,744,1753,103,1.7714442515356552
16713,1075,1248,134,2.176694128012498
16713,1436,1578,146,1.579605922116888
16713,804,1759,151,1.049922214698478
16713,710,1075,195,2.0740062484804014
16713,899,1538,126,2.5437665990331824
16713,1210,1370,142,1.4147942455001694
16713,1042,1522,151,1.5805220759062784
16714,1355,1273,129,1.4060545516955019
16714,1068,1030,174,2.3480497242704175
16714,803,1047,140,1.464179067931073
16714,773,1759,199,1.6754516470410425
16714,895,1211,135,2.275138894897042
16714,1367,1710,136,2.7360778228535
16715,792,1817,110,2.578610986607769
16715,835,1871,113,1.4020517466496776
16715,1404,1503,123,2.5014697992971606
16715,787,1317,142,2.1261386657620625
16715,685,1198,196,1.9665044536291882
16716,815,1950,116,2.4502910822799824
16716,1481,1305,191,1.5742406541764618
16716,1486,1096,143,2.119889128384261
16717,1346,1505,119,2.5414858946475927
16717,1077,1680,110,2.940736920333351
16717,606,1005,112,2.109675268699776
16718,875,1518,144,1.758070573047827
16718,536,1614,107,1.5446699735997855
16719,622,1654,110,1.7665138572318893
16719,1380,1118,129,1.022109871078753
16719,1159,1461,124,1.393319999589253
16719,843,1863,143,1.247575590364657
16719,678,1250,134,1.0731587901315986
16719,1309,1856,175,2.210714356817861
16719,558,1448,128,1.0507736883510637
16719,1277,1162,131,2.0238990429367982
16720,1481,1061,150,1.4083703403043633
16720,1436,1641,152,2.132789337854267
16720,1147,1406,190,1.3671242746614667
16720,1071,1980,126,1.3045565752330675
16721,1158,1423,111,1.621856726638039
16721,1484,1502,184,2.068356913587347
16721,1432,1742,158,1.1331903227657698
16721,578,1207,130,2.4170189624396397
16721,998,1199,148,2.1850306873503627
16721,1117,1147,145,2.118568803339006
16722,1096,1352,117,2.41855067273949
16722,769,1856,104,1.534043396416179
16722,902,1868,142,2.8737211674478713
16722,1420,1063,111,1.409154461927307
16722,622,1158,185,2.8301584420081562
16723,1440,1785,102,2.235655363114387
16723,1061,1362,199,2.1547483859048797
16723,1115,1320,105,2.047721654397596
16723,1030,1851,157,2.3837393091844326
16724,974,1378,195,2.7982416460287034
16724,932,1539,128,2.0594074699618083
16724,731,1675,163,2.1503398418169004
16724,1373,1894,192,2.4913499936675296
16724,597,1104,137,2.9184910868600555
16725,830,1773,164,1.512406912809256
16725,1394,1356,131,2.5204153265410456
16726,953,1639,112,2.7663105008919766
16726,1297,1408,130,1.5634439521196946
16726,997,1725,115,1.0882392597725083
16726,1490,1520,179,2.86352285124717
16726,1075,1721,148,1.785973287465238
16726,694,1226,154,2.114488255463623
16726,738,1661,189,1.643076543171769
16726,962,1360,153,2.5330426309022567
16726,932,1187,113,2.370196257980238
16727,659,1492,103,2.617277104604015
16727,1169,1989,181,2.3388567249479353
16727,642,1429,163,2.611765417046688
16727,1111,1146,128,1.4264320204175964
16728,1345,1230,126,2.938272242741354
16729,1139,1147,181,1.150046965178045
16729,677,1280,120,2.963245278758177
16729,626,1133,198,1.1848197749212606
16729,797,1797,151,1.0124412829171494
16729,693,1392,165,2.063712645623209
16730,730,1725,165,1.295756466557514
16730,1322,1671,102,2.9917837244656384
16730,1490,1302,111,1.119493881340513
16730,544,1392,171,2.730343791949113
16730,1269,1840,171,2.7931690499630193
16731,953,1393,128,2.049508792098173
16731,1433,1527,168,1.681386040759195
16731,1374,1237,186,2.0013985997478
16731,1400,1408,166,1.551484818144823
16732,964,1190,141,1.444549329783729
16732,928,1613,160,1.4433949574003964
16733,1105,1659,170,1.6213833992797753
16733,616,1353,155,2.8741710606449473
16733,583,1426,141,2.0409800733487
16733,780,1278,119,2.03305022700612
16734,793,1953,183,2.8092907117896484
16734,540,1034,191,1.8724176334705358
16734,1421,1446,116,1.4313134443882083
16734,1377,1933,154,1.5695491926023262
16734,1264,1115,151,2.0095784381671615
16734,620,1203,163,2.3181999109734557
16734,713,1732,123,2.0793168176784382
16734,1195,1929,156,2.9938188415448943
16734,1347,1224,112,2.2363348436080304
16734,1449,1469,162,2.6960488411297314
16735,577,1620,170,1.299833983392135
16735,1423,1949,103,2.8018632802436785
16735,1259,1028,110,2.576960604739014
16735,889,1241,112,2.913417630889165
16735,1118,1272,100,2.943543780632459
16735,1396,1646,165,2.0028072886460606
16735,695,1008,168,1.710861916193723
16735,834,1756,147,2.6201188987592854
16735,1428,1955,165,2.409165257650513
16736,680,1617,166,1.8020350758652248
16736,898,1086,131,1.5805411835870562
16736,878,1527,168,2.376781174160018
16736,1189,1508,153,2.5902719198451334
16736,556,1480,140,1.3325011385092835
16737,777,1055,147,2.9040278361273124
16737,1169,1671,167,2.570630706470449
16737,799,1023,103,2.1127323813402414
16737,1442,1169,144,1.2799767326154095
16738,1122,1391,149,1.0174327731019552
16739,715,1357,103,1.747890364409814
16739,1106,1728,138,1.6566539848345005
16739,1229,1799,197,1.1244669202410942
16740,1226,1946,193,2.1206293690280136
16740,1228,1145,172,2.229545589319437
16740,532,1028,147,1.0024014464939708
16740,517,1614,112,1.796539462723351
16740,1191,1113,150,2.3341824588305147
16741,630,1189,187,1.8629633877178189
16741,1167,1939,116,2.996491619914541
16741,601,1069,143,2.5835561708361756
16741,1153,1250,187,1.940338134995339
16741,1331,1771,192,2.138819840801734
16741,593,1862,176,2.318962029823034
16742,1411,1992,199,2.13034581458534
16742,558,1665,125,1.7569068390258746
16742,1396,1604,115,1.7739032668768009
16742,998,1955,196,1.0745765217495202
16742,1151,1701,182,2.6353240715946704
16742,905,1191,168,2.0782683567640796
16742,673,1423,171,2.41037968730045
16743,668,1981,114,2.927006316568991
16743,771,1848,143,1.7373127827527703
16743,1216,1751,112,2.6060319345889496
16743,1285,1761,183,1.4767254159512995
16744,1468,1805,143,1.9631988708824768
16744,1034,1868,157,2.67331179212897
16744,985,1092,176,2.142261830805543
16744,664,1183,168,2.7991419901378825
16744,1440,1803,195,2.5971002137397345
16744,674,1495,194,2.459903327145018
16745,678,1556,137,2.0051225183853356
16746,838,1472,162,1.6454319318574893
16746,1343,1130,135,2.2188147459178156
16746,758,1639,129,1.5758511893617841
16746,1080,1133,126,1.094163247465451
16746,982,1106,154,1.893472743159208
16746,853,1908,104,1.4200810228327387
16747,1062,1379,152,1.5302387177369356
16748,582,1633,138,2.820559133708059
16748,853,1433,195,2.5363510780782166
16748,863,1492,165,2.474625341327581
16748,929,1080,162,1.7501769692824996
16749,1062,1055,192,1.7051088083334318
16749,554,1466,166,1.7005451017829782
16749,614,1274,157,2.934756200622643
16750,1116,1239,136,2.148497658227698
16750,1169,1146,172,2.5105007433352915
16751,1177,1497,123,1.2060735438540877
16751,1266,1358,171,1.1546689811404864
16751,889,1812,190,2.8023542949062774
16752,666,1421,199,2.8828706908807473
16752,609,1663,148,2.0515233538997886
16752,758,1133,146,1.2216840564739726
16752,1094,1254,132,1.397691841755288
16752,1439,1872,148,1.4495211890324184
16753,1394,1209,115,2.9459620678728937
16753,863,1984,144,2.5424897963414006
16754,827,1311,114,1.4304714765220832
16754,758,1817,113,2.473722107434881
16754,529,1614,117,1.0078351084716837
16754,837,1423,113,2.921049520073373
16754,909,1408,175,1.1180177418997967
16755,1106,1703,164,1.473940858562129
16755,770,1835,154,1.1041908759499488
16755,962,1982,186,1.8369160292642137
16755,569,1790,171,1.7035549386708861
16756,1128,1187,185,1.0522306653548192
16756,856,1587,117,1.6867075535572797
16756,880,1741,109,2.0412436563279788
16756,1412,1730,113,1.427668229607195
16756,517,1467,119,1.382356513599818
16757,787,1923,126,1.4744084821171508
16757,1213,1846,112,1.1691625242451098
16757,944,1926,109,1.6724396755310766
16757,872,1560,143,1.7371517177069777
16758,1355,1718,154,1.3813203880587526
16758,1173,1133,163,1.5450368802374939
16758,1331,1471,147,1.3067400165174414
16759,895,1468,192,1.433346072485227
16759,783,1904,194,2.682077933260935
16759,820,1833,163,2.938705225612305
16760,886,1370,115,2.838456209896428
16760,1111,1773,167,2.0598417195479466
16760,1196,1702,195,2.486748012878623
16760,1095,1449,133,2.234508543466908
16760,1053,1880,149,2.6478691953354163
16760,1359,1937,193,1.0380055953209248
16760,828,1822,104,1.0587367829642647
16761,1042,1162,162,2.90824995282433
16761,838,1986,146,1.1225436048671666
16761,1365,1928,193,2.1350582045172644
16761,849,1033,159,1.4836467542724012
16762,1244,1518,193,1.2219854581547087
16762,1064,1260,124,2.425935073507021
16762,724,1194,145,1.700698642205333
16763,1494,1848,138,2.2413168433291224
16763,666,1205,170,1.335092288950523
16763,999,1647,118,1.8668797059307922
16763,767,1790,101,2.925194851666034
16763,694,1105,100,2.1566321919992975
16764,1393,1681,100,1.695925041102798
16764,1127,1615,123,2.091695142844724
16764,895,1908,165,1.4533863020647018
16764,1213,1998,190,1.7901313549276683
16764,755,1690,116,2.711458159429192
16765,828,1473,189,1.5970100490160417
16765,1274,1518,166,2.763027130379342
16765,1201,1396,142,1.4380995006867592
16765,967,1131,112,1.077466350951452
16765,844,1093,100,2.50981853116288
16767,835,1994,165,1.0007195910067996
16767,1414,1039,165,2.7180890995510136
16767,576,1057,178,2.6223411606817004
16768,739,1059,124,1.3705566810183707
16768,722,1365,130,1.061662923443288
16768,1283,1121,100,1.9494464948101908
16768,1108,1905,184,1.711987895216092
16768,746,1331,104,2.621310178238855
16768,1253,1631,159,2.2910197188370853
16768,1231,1048,195,2.855028230751556
16768,1468,1020,172,2.149825011413953
16769,701,1544,189,2.3352669173132803
16769,1492,1903,133,1.965779593034026
16769,1250,1215,179,2.446474574010648
16770,1006,1852,158,1.4981370033433827
16770,786,1868,104,1.6909788192334363
16771,1280,1980,195,1.3670978174709243
16771,1442,1017,192,1.3208730173864514
16772,1045,1792,155,2.3178173245929568
16772,1344,1173,102,1.3928587328805007
16772,1366,1627,160,1.1699245624532966
16773,1422,1944,131,2.7540693845611015
16773,1311,1589,195,1.6100258498102447
16773,753,1117,136,2.933594202453855
16773,1385,1589,185,2.4469979355511224
16773,516,1705,125,2.4429018159682085
16774,660,1002,174,1.568049471516385
16774,1059,1887,118,2.6643601975691324
16775,986,1247,120,2.03114101830763
16775,1223,1911,133,1.6325486275217895
16775,1393,1716,159,1.9683466261632576
16775,1223,1695,192,1.0677199967350903
16776,1261,1501,141,2.377561029345368
16776,859,1673,178,2.798484189353945
16776,1255,1051,115,1.9260275668310636
16776,1194,1209,118,1.4210465486615587
16776,1317,1493,130,1.30682919367679
16776,1256,1805,199,2.234863695325435
16776,782,1383,176,1.9676620778553902
16776,893,1047,150,1.9457212611087307
16777,554,1349,174,1.1903008732217875
16777,872,1934,163,2.7029364801236713
16777,745,1569,176,1.8210721394146279
16777,975,1719,129,1.5688021074269864
16778,880,1604,135,1.2196619545158411
16778,963,1585,137,1.5604062435470143
16778,1281,1362,100,1.9977428637286714
16779,900,1893,182,1.7057687984313685
16779,1160,1642,180,1.8453735081826306
16780,542,1267,102,2.2600831441217597
16780,814,1796,161,1.9783652434676477
16780,827,1186,186,1.4838847089497582
16780,572,1550,199,2.7659249782846382
16781,999,1218,173,2.3175936910874024
16781,901,1258,158,1.4041345724486876
16782,1148,1289,166,2.0791212879040963
16782,1478,1948,198,1.8426385500980054
16782,1380,1521,159,1.6753695553377206
16782,586,1513,174,1.9411311436958782
16782,1232,1142,180,2.521201443423341
16783,838,1414,151,1.6500702906087894
16783,1429,1538,102,1.398436855932324
16784,690,1294,142,1.3418329721707973
16784,823,1568,187,2.4701476355268097
16784,728,1414,187,2.842208660109189
16784,831,1116,130,1.2228671100423212
16785,1224,1936,165,2.042821370925876
16786,1325,1116,139,1.0507775261765209
16786,636,1926,199,2.3796067194904986
16787,1384,1689,185,1.718107420755981
16787,646,1405,106,1.3433989158352238
16787,1028,1872,106,2.959594253709686
16788,1473,1448,138,2.087546313185398
16789,696,1068,176,2.9562019457490845
16789,810,1199,117,1.422594150801233
16789,645,1488,198,1.084719861074793
16789,1397,1566,116,1.5743498849061688
16789,646,1230,122,1.4996925597347892
16789,958,1751,103,1.667941691714468
16790,1265,1498,126,2.5147300593846533
16790,962,1980,119,2.2964153901551922
16790,1087,1214,150,1.8904121981359723
16790,820,1770,151,2.9401150264586153
16790,1278,1092,101,2.725793233375251
16790,939,1048,119,2.5424438200553965
16791,607,1746,195,1.1691109566401767
16791,1169,1304,169,2.317279411395941
16791,509,1533,178,2.4018886011499347
16791,746,1930,137,1.5118839860480686
16792,1352,1313,181,1.0112223782927763
16792,958,1876,188,1.4065591917996316
16792,906,1467,122,2.3970764123438544
16792,1325,1679,140,1.1103464081856869
16792,960,1441,134,2.196098528537828
16792,1411,1979,102,1.6467545312711658
16792,1067,1740,152,2.222715223189475
16793,698,1751,108,2.769271450408532
16793,987,1884,136,2.1342528596390853
16793,1147,1962,136,2.6959481281634634
16793,1220,1532,102,2.266708271392865
16793,1435,1304,114,1.203198371137752
16794,1461,1637,151,1.7572069682664861
16794,1024,1989,117,2.018976591993395
16794,681,1072,106,1.3121895971784518
16794,895,1178,136,2.48906739374387
16794,1408,1878,164,1.510388226729865
16794,873,1237,146,1.622766349349797
16795,563,1064,128,1.6450969258845591
16795,599,1513,127,1.5960130358615983
16795,1452,1698,150,2.802772433000516
16795,1374,1647,100,1.2286966982243062
16796,1057,1824,107,1.8568250338813792
16796,1003,1352,144,2.6850133004391745
16796,1178,1232,112,2.099369002056946
16797,607,1090,119,2.3294359025310927
16797,620,1320,138,1.5743860430250447
16797,581,1193,134,2.955077239579581
16797,1012,1646,185,1.6411093431203807
16797,633,1992,104,1.874513020529843
16798,889,1365,124,1.5411535112041372
16798,1276,1466,125,1.0767316489593055
16798,1091,1596,152,1.5656604382963228
16798,571,1417,151,2.893640269703794
16799,1318,1891,115,2.8539651599835603
16799,954,1445,107,1.8108916581454122
16799,711,1273,164,2.5641499831739756
16799,1382,1810,115,1.294034095213314
16799,1234,1865,163,1.7023896175584858
16799,1155,1382,190,1.337222615033287
