somay,distance,may0,may1,may2,may3,reward
2,0.2886688012785054,0.0,0.0,0.5493976877332485,0.0,1
2,0.2886688012785054,0.0,0.0,0.9677310210665818,0.0,1
2,0.2886688012785054,0.0,0.0,1.388564354399915,0.0,0.6009602462588554
2,0.2886688012785054,0.0,0.0,1.8102310210665817,0.0,0.18048330869898543
2,0.2886688012785054,0.0,0.0,1.2318976877332484,0.0,0.7606717884463774
2,0.2886688012785054,0.0,0.0,1.6543976877332485,0.0,0.3425139930827239
2,0.2886688012785054,0.0,0.0,1.0768976877332486,0.0,0.9194495848647251
2,0.2886688012785054,0.0,0.0,1.500231021066582,0.0,0.5071832972432305
2,0.2886688012785054,0.0,0.0,1.9235643543999152,0.0,0.09827275242374445
2,0.2886688012785054,0.0,0.0,2.347731021066582,0.0,0
2,0.2886688012785054,0.0,0.0,2.7718976877332486,0.0,0
2,0.2886688012785054,0.0,0.0,2.196897687733249,0.0,0
2,0.2886688012785054,0.0,0.0,0.6235643543999156,0.0,1
2,0.2886688012785054,0.0,0.0,1.0510643543999156,0.0,0.9601687787368771
2,0.2886688012785054,0.0,0.0,1.4785643543999156,0.0,0.5457871622794818
2,0.2886688012785054,0.0,0.0,1.9068976877332489,0.0,0.13762531340473533
2,0.2886688012785054,0.0,0.0,1.335231021066582,0.0,0.6921376472777735
2,0.2886688012785054,0.0,0.0,1.7643976877332488,0.0,0.2766083109466109
2,0.2886688012785054,0.0,0.0,2.1935643543999155,0.0,0
2,0.2886688012785054,0.0,0.0,2.6235643543999156,0.0,0
2,0.2886688012785054,0.0,0.0,2.054397687733249,0.0,0
2,0.2886688012785054,0.0,0.0,2.485231021066582,0.0,0
2,0.2886688012785054,0.0,0.0,2.9218976877332485,0.0,0
2,0.2886688012785054,0.0,0.0,3.358564354399915,0.0,0
2,0.2886688012785054,0.0,0.0,2.7968976877332485,0.0,0
2,0.2886688012785054,0.0,0.0,3.235231021066582,0.0,0
2,0.2886688012785054,0.0,0.0,3.6735643543999155,0.0,0
2,0.2886688012785054,0.0,0.0,4.112731021066582,0.0,0
2,0.2886688012785054,0.0,0.0,4.551897687733249,0.0,0
2,0.2886688012785054,0.0,0.0,4.99189768773325,0.0,0
2,0.2886688012785054,0.0,0.0,4.43189768773325,0.0,0
2,0.2886688012785054,0.0,0.0,4.872731021066583,0.0,0
2,0.2886688012785054,0.0,0.0,4.313564354399916,0.0,0
2,0.2886688012785054,0.0,0.0,4.7552310210665825,0.0,0
2,0.2886688012785054,0.0,0.0,5.199397687733249,0.0,0
2,0.2886688012785054,0.0,0.0,4.643564354399916,0.0,0
2,0.2886688012785054,0.0,0.0,5.087731021066583,0.0,0
2,0.2886688012785054,0.0,0.0,5.532731021066583,0.0,0
2,0.2886688012785054,0.0,0.0,4.978564354399917,0.0,0
2,0.2886688012785054,0.0,0.0,5.425231021066583,0.0,0
2,0.2886688012785054,0.0,0.0,5.87439768773325,0.0,0
2,0.2886688012785054,0.0,0.0,6.325231021066584,0.0,0
2,0.2886688012785054,0.0,0.0,5.776064354399917,0.0,0
2,0.2886688012785054,0.0,0.0,6.227731021066584,0.0,0
2,0.2886688012785054,0.0,0.0,6.6810643543999175,0.0,0
2,0.2886688012785054,0.0,0.0,7.135231021066584,0.0,0
2,0.2886688012785054,0.0,0.0,7.590231021066584,0.0,0
2,0.2886688012785054,0.0,0.0,8.046064354399917,0.0,0
2,0.2886688012785054,0.0,0.0,8.50439768773325,0.0,0
2,0.2886688012785054,0.0,0.0,7.963564354399917,0.0,0
2,0.2886688012785054,0.0,0.0,8.423564354399918,0.0,0
2,0.2886688012785054,0.0,0.0,8.884397687733252,0.0,0
2,0.2886688012785054,0.0,0.0,8.345231021066585,0.0,0
2,0.2886688012785054,0.0,0.0,8.806897687733251,0.0,0
2,0.2886688012785054,0.0,0.0,9.271064354399918,0.0,0
2,0.2886688012785054,0.0,0.0,9.735231021066586,0.0,0
2,0.2886688012785054,0.0,0.0,10.20106435439992,0.0,0
2,0.2886688012785054,0.0,0.0,10.66856435439992,0.0,0
2,0.2886688012785054,0.0,0.0,10.136897687733253,0.0,0
2,0.2886688012785054,0.0,0.0,10.605231021066587,0.0,0
2,0.2886688012785054,0.0,0.0,11.075231021066587,0.0,0
2,0.2886688012785054,0.0,0.0,11.546897687733253,0.0,0
2,0.2886688012785054,0.0,0.0,12.02106435439992,0.0,0
2,0.2886688012785054,0.0,0.0,12.497731021066587,0.0,0
2,0.2886688012785054,0.0,0.0,12.976897687733253,0.0,0
2,0.2886688012785054,0.0,0.0,12.456897687733253,0.0,0
2,0.2886688012785054,0.0,0.0,12.937731021066586,0.0,0
2,0.2886688012785054,0.0,0.0,12.419397687733253,0.0,0
2,0.2886688012785054,0.0,0.0,12.90106435439992,0.0,0
2,0.2886688012785054,0.0,0.0,13.384397687733253,0.0,0
2,0.2886688012785054,0.0,0.0,13.86856435439992,0.0,0
2,0.2886688012785054,0.0,0.0,14.35356435439992,0.0,0
2,0.2886688012785054,0.0,0.0,14.839397687733253,0.0,0
2,0.2886688012785054,0.0,0.0,14.326897687733254,0.0,0
2,0.2886688012785054,0.0,0.0,14.815231021066587,0.0,0
2,0.2886688012785054,0.0,0.0,15.305231021066588,0.0,0
2,0.2886688012785054,0.0,0.0,15.79606435439992,0.0,0
2,0.2886688012785054,0.0,0.0,15.287731021066588,0.0,0
2,0.2886688012785054,0.0,0.0,15.780231021066587,0.0,0
2,0.2886688012785054,0.0,0.0,16.27356435439992,0.0,0
2,0.2886688012785054,0.0,0.0,16.766897687733252,0.0,0
2,0.2886688012785054,0.0,0.0,17.26106435439992,0.0,0
2,0.2886688012785054,0.0,0.0,16.75606435439992,0.0,0
2,0.2886688012785054,0.0,0.0,17.251897687733255,0.0,0
2,0.2886688012785054,0.0,0.0,17.74856435439992,0.0,0
2,0.2886688012785054,0.0,0.0,18.245231021066587,0.0,0
2,0.2886688012785054,0.0,0.0,17.742731021066586,0.0,0
2,0.2886688012785054,0.0,0.0,18.240231021066585,0.0,0
2,0.2886688012785054,0.0,0.0,18.737731021066583,0.0,0
2,0.2886688012785054,0.0,0.0,19.235231021066582,0.0,0
2,0.2886688012785054,0.0,0.0,19.73439768773325,0.0,0
2,0.2886688012785054,0.0,0.0,18.233564354399917,0.0,0
2,0.2886688012785054,0.0,0.0,18.733564354399917,0.0,0
2,0.2886688012785054,0.0,0.0,18.233564354399917,0.0,0
2,0.2886688012785054,0.0,0.0,18.733564354399917,0.0,0
2,0.2886688012785054,0.0,0.0,19.236064354399918,0.0,0
2,0.2886688012785054,0.0,0.0,18.739397687733252,0.0,0
2,0.2886688012785054,0.0,0.0,18.246897687733252,0.0,0
2,0.2886688012785054,0.0,0.0,18.755231021066585,0.0,0
2,0.2886688012785054,0.0,0.0,18.263564354399918,0.0,0
2,0.2886688012785054,0.0,0.0,18.772731021066583,0.0,0
2,0.2886688012785054,0.0,0.0,19.282731021066585,0.0,0
2,0.2886688012785054,0.0,0.0,19.79356435439992,0.0,0
2,0.2886688012785054,0.0,0.0,20.304397687733253,0.0,0
2,0.2886688012785054,0.0,0.0,19.817731021066585,0.0,0
2,0.2886688012785054,0.0,0.0,20.331897687733253,0.0,0
2,0.2886688012785054,0.0,0.0,20.846897687733254,0.0,0
2,0.2886688012785054,0.0,0.0,21.361897687733254,0.0,0
2,0.2886688012785054,0.0,0.0,20.877731021066587,0.0,0
2,0.2886688012785054,0.0,0.0,21.395231021066586,0.0,0
2,0.2886688012785054,0.0,0.0,20.91356435439992,0.0,0
2,0.2886688012785054,0.0,0.0,21.43356435439992,0.0,0
2,0.2886688012785054,0.0,0.0,21.954397687733252,0.0,0
2,0.2886688012785054,0.0,0.0,21.475231021066584,0.0,0
2,0.2886688012785054,0.0,0.0,21.996897687733252,0.0,0
2,0.2886688012785054,0.0,0.0,22.51856435439992,0.0,0
2,0.2886688012785054,0.0,0.0,22.04023102106659,0.0,0
2,0.2886688012785054,0.0,0.0,22.563564354399922,0.0,0
2,0.2886688012785054,0.0,0.0,22.086897687733256,0.0,0
2,0.2886688012785054,0.0,0.0,22.61106435439992,0.0,0
2,0.2886688012785054,0.0,0.0,22.135231021066588,0.0,0
2,0.2886688012785054,0.0,0.0,21.660231021066586,0.0,0
2,0.2886688012785054,0.0,0.0,22.185231021066585,0.0,0
2,0.2886688012785054,0.0,0.0,22.710231021066583,0.0,0
2,0.2886688012785054,0.0,0.0,22.236064354399918,0.0,0
2,0.2886688012785054,0.0,0.0,22.761897687733253,0.0,0
2,0.2886688012785054,0.0,0.0,22.28856435439992,0.0,0
2,0.2886688012785054,0.0,0.0,22.815231021066587,0.0,0
2,0.2886688012785054,0.0,0.0,23.342731021066587,0.0,0
2,0.2886688012785054,0.0,0.0,22.870231021066587,0.0,0
2,0.2886688012785054,0.0,0.0,23.39856435439992,0.0,0
2,0.2886688012785054,0.0,0.0,23.930231021066586,0.0,0
2,0.2886688012785054,0.0,0.0,23.461897687733252,0.0,0
2,0.2886688012785054,0.0,0.0,23.99356435439992,0.0,0
2,0.2886688012785054,0.0,0.0,24.526064354399917,0.0,0
2,0.2886688012785054,0.0,0.0,25.058564354399916,0.0,0
2,0.2886688012785054,0.0,0.0,24.591064354399915,0.0,0
2,0.2886688012785054,0.0,0.0,25.123564354399914,0.0,0
2,0.2886688012785054,0.0,0.0,25.65689768773325,0.0,0
2,0.2886688012785054,0.0,0.0,25.190231021066584,0.0,0
2,0.2886688012785054,0.0,0.0,25.72439768773325,0.0,0
2,0.2886688012785054,0.0,0.0,25.25939768773325,0.0,0
2,0.2886688012785054,0.0,0.0,25.79439768773325,0.0,0
2,0.2886688012785054,0.0,0.0,26.331064354399917,0.0,0
2,0.2886688012785054,0.0,0.0,25.867731021066582,0.0,0
2,0.2886688012785054,0.0,0.0,26.40773102106658,0.0,0
2,0.2886688012785054,0.0,0.0,26.950231021066582,0.0,0
2,0.2886688012785054,0.0,0.0,27.492731021066582,0.0,0
2,0.2886688012785054,0.0,0.0,28.036064354399915,0.0,0
2,0.2886688012785054,0.0,0.0,28.57939768773325,0.0,0
2,0.2886688012785054,0.0,0.0,28.123564354399914,0.0,0
2,0.2886688012785054,0.0,0.0,28.66773102106658,0.0,0
2,0.2886688012785054,0.0,0.0,29.21273102106658,0.0,0
2,0.2886688012785054,0.0,0.0,29.757731021066583,0.0,0
2,0.2886688012785054,0.0,0.0,29.303564354399917,0.0,0
2,0.2886688012785054,0.0,0.0,29.84939768773325,0.0,0
2,0.2886688012785054,0.0,0.0,30.39606435439992,0.0,0
2,0.2886688012785054,0.0,0.0,30.943564354399918,0.0,0
2,0.2886688012785054,0.0,0.0,30.495231021066584,0.0,0
2,0.2886688012785054,0.0,0.0,31.04939768773325,0.0,0
2,0.2886688012785054,0.0,0.0,31.605231021066583,0.0,0
2,0.2886688012785054,0.0,0.0,31.161064354399915,0.0,0
2,0.2886688012785054,0.0,0.0,31.717731021066584,0.0,0
2,0.2886688012785054,0.0,0.0,32.27523102106658,0.0,0
2,0.2886688012785054,0.0,0.0,31.832731021066582,0.0,0
2,0.2886688012785054,0.0,0.0,32.39023102106658,0.0,0
2,0.2886688012785054,0.0,0.0,32.94856435439991,0.0,0
2,0.2886688012785054,0.0,0.0,33.508564354399915,0.0,0
2,0.2886688012785054,0.0,0.0,33.06939768773325,0.0,0
2,0.2886688012785054,0.0,0.0,33.63106435439992,0.0,0
2,0.2886688012785054,0.0,0.0,34.19439768773325,0.0,0
2,0.2886688012785054,0.0,0.0,33.76106435439992,0.0,0
2,0.2886688012785054,0.0,0.0,34.32856435439992,0.0,0
2,0.2886688012785054,0.0,0.0,34.89689768773326,0.0,0
2,0.2886688012785054,0.0,0.0,35.46773102106659,0.0,0
2,0.2886688012785054,0.0,0.0,36.04023102106659,0.0,0
2,0.2886688012785054,0.0,0.0,36.61273102106659,0.0,0
2,0.2886688012785054,0.0,0.0,37.18689768773325,0.0,0
2,0.2886688012785054,0.0,0.0,36.76106435439991,0.0,0
2,0.2886688012785054,0.0,0.0,37.335231021066576,0.0,0
2,0.2886688012785054,0.0,0.0,37.91106435439991,0.0,0
2,0.2886688012785054,0.0,0.0,38.48773102106658,0.0,0
2,0.2886688012785054,0.0,0.0,38.06523102106658,0.0,0
2,0.2886688012785054,0.0,0.0,38.64273102106658,0.0,0
2,0.2886688012785054,0.0,0.0,39.22189768773325,0.0,0
2,0.2886688012785054,0.0,0.0,39.80273102106658,0.0,0
2,0.2886688012785054,0.0,0.0,39.38439768773324,0.0,0
2,0.2886688012785054,0.0,0.0,39.966064354399904,0.0,0
2,0.2886688012785054,0.0,0.0,40.54856435439991,0.0,0
2,0.2886688012785054,0.0,0.0,41.13106435439991,0.0,0
2,0.2886688012785054,0.0,0.0,40.713564354399914,0.0,0
2,0.2886688012785054,0.0,0.0,41.29689768773325,0.0,0
2,0.2886688012785054,0.0,0.0,41.880231021066585,0.0,0
2,0.2886688012785054,0.0,0.0,41.46356435439992,0.0,0
2,0.2886688012785054,0.0,0.0,42.04773102106659,0.0,0
2,0.2886688012785054,0.0,0.0,42.63273102106659,0.0,0
2,0.2886688012785054,0.0,0.0,43.21773102106659,0.0,0
2,0.2886688012785054,0.0,0.0,43.80273102106659,0.0,0
2,0.2886688012785054,0.0,0.0,44.38773102106659,0.0,0
2,0.2886688012785054,0.0,0.0,44.973564354399926,0.0,0
2,0.2886688012785054,0.0,0.0,43.56023102106659,0.0,0
2,0.2886688012785054,0.0,0.0,44.14689768773326,0.0,0
2,0.2886688012785054,0.0,0.0,44.73523102106659,0.0,0
2,0.2886688012785054,0.0,0.0,45.32356435439992,0.0,0
2,0.2886688012785054,0.0,0.0,45.91189768773325,0.0,0
2,0.2886688012785054,0.0,0.0,46.501064354399915,0.0,0
2,0.2886688012785054,0.0,0.0,47.09023102106658,0.0,0
2,0.2886688012785054,0.0,0.0,46.68023102106658,0.0,0
2,0.2886688012785054,0.0,0.0,47.270231021066586,0.0,0
2,0.2886688012785054,0.0,0.0,47.86106435439992,0.0,0
2,0.2886688012785054,0.0,0.0,48.45273102106659,0.0,0
2,0.2886688012785054,0.0,0.0,48.046064354399924,0.0,0
2,0.2886688012785054,0.0,0.0,48.64106435439992,0.0,0
2,0.2886688012785054,0.0,0.0,48.236897687733254,0.0,0
2,0.2886688012785054,0.0,0.0,47.83523102106659,0.0,0
2,0.2886688012785054,0.0,0.0,48.43356435439993,0.0,0
2,0.2886688012785054,0.0,0.0,49.03189768773326,0.0,0
2,0.2886688012785054,0.0,0.0,49.63106435439993,0.0,0
2,0.2886688012785054,0.0,0.0,49.2302310210666,0.0,0
2,0.2886688012785054,0.0,0.0,49.8302310210666,0.0,0
2,0.2886688012785054,0.0,0.0,50.430231021066604,0.0,0
2,0.2886688012785054,0.0,0.0,51.030231021066605,0.0,0
2,0.2886688012785054,0.0,0.0,50.63106435439994,0.0,0
2,0.2886688012785054,0.0,0.0,51.23189768773327,0.0,0
2,0.2886688012785054,0.0,0.0,51.83439768773327,0.0,0
2,0.2886688012785054,0.0,0.0,52.43689768773327,0.0,0
2,0.2886688012785054,0.0,0.0,53.03939768773327,0.0,0
2,0.2886688012785054,0.0,0.0,52.643564354399935,0.0,0
2,0.2886688012785054,0.0,0.0,53.2477310210666,0.0,0
2,0.2886688012785054,0.0,0.0,53.85189768773326,0.0,0
2,0.2886688012785054,0.0,0.0,53.45606435439993,0.0,0
2,0.2886688012785054,0.0,0.0,54.061064354399925,0.0,0
2,0.2886688012785054,0.0,0.0,53.66606435439992,0.0,0
2,0.2886688012785054,0.0,0.0,54.27106435439992,0.0,0
2,0.2886688012785054,0.0,0.0,54.876897687733255,0.0,0
2,0.2886688012785054,0.0,0.0,55.483564354399924,0.0,0
2,0.2886688012785054,0.0,0.0,56.09189768773326,0.0,0
2,0.2886688012785054,0.0,0.0,56.701064354399925,0.0,0
2,0.2886688012785054,0.0,0.0,56.311064354399925,0.0,0
2,0.2886688012785054,0.0,0.0,56.921064354399924,0.0,0
2,0.2886688012785054,0.0,0.0,57.53106435439992,0.0,0
2,0.2886688012785054,0.0,0.0,58.141897687733255,0.0,0
2,0.2886688012785054,0.0,0.0,58.75439768773325,0.0,0
2,0.2886688012785054,0.0,0.0,58.36689768773325,0.0,0
2,0.2886688012785054,0.0,0.0,58.97939768773325,0.0,0
2,0.2886688012785054,0.0,0.0,59.592731021066584,0.0,0
2,0.2886688012785054,0.0,0.0,59.20689768773325,0.0,0
2,0.2886688012785054,0.0,0.0,59.821897687733255,0.0,0
2,0.2886688012785054,0.0,0.0,60.43773102106659,0.0,0
2,0.2886688012785054,0.0,0.0,61.05439768773326,0.0,0
2,0.2886688012785054,0.0,0.0,60.671064354399924,0.0,0
2,0.2886688012785054,0.0,0.0,60.28773102106659,0.0,0
2,0.2886688012785054,0.0,0.0,60.90523102106659,0.0,0
2,0.2886688012785054,0.0,0.0,60.52356435439992,0.0,0
2,0.2886688012785054,0.0,0.0,61.14356435439992,0.0,0
2,0.2886688012785054,0.0,0.0,61.76606435439992,0.0,0
2,0.2886688012785054,0.0,0.0,62.388564354399925,0.0,0
2,0.2886688012785054,0.0,0.0,63.01189768773326,0.0,0
2,0.2886688012785054,0.0,0.0,63.63606435439993,0.0,0
2,0.2886688012785054,0.0,0.0,63.260231021066595,0.0,0
2,0.2886688012785054,0.0,0.0,63.885231021066595,0.0,0
2,0.2886688012785054,0.0,0.0,64.51106435439993,0.0,0
2,0.2886688012785054,0.0,0.0,65.13689768773327,0.0,0
2,0.2886688012785054,0.0,0.0,63.76356435439993,0.0,0
2,0.2886688012785054,0.0,0.0,64.39189768773326,0.0,0
2,0.2886688012785054,0.0,0.0,64.02106435439993,0.0,0
2,0.2886688012785054,0.0,0.0,63.650231021066595,0.0,0
2,0.2886688012785054,0.0,0.0,64.2802310210666,0.0,0
2,0.2886688012785054,0.0,0.0,64.9102310210666,0.0,0
2,0.2886688012785054,0.0,0.0,64.5452310210666,0.0,0
2,0.2886688012785054,0.0,0.0,65.18189768773327,0.0,0
2,0.2886688012785054,0.0,0.0,64.8202310210666,0.0,0
2,0.2886688012785054,0.0,0.0,65.46189768773327,0.0,0
2,0.2886688012785054,0.0,0.0,66.10439768773327,0.0,0
2,0.2886688012785054,0.0,0.0,65.7477310210666,0.0,0
2,0.2886688012785054,0.0,0.0,66.39106435439993,0.0,0
2,0.2886688012785054,0.0,0.0,66.03439768773326,0.0,0
2,0.2886688012785054,0.0,0.0,66.67773102106659,0.0,0
2,0.2886688012785054,0.0,0.0,67.32189768773326,0.0,0
2,0.2886688012785054,0.0,0.0,67.96606435439992,0.0,0
2,0.2886688012785054,0.0,0.0,67.61189768773325,0.0,0
2,0.2886688012785054,0.0,0.0,68.25856435439991,0.0,0
2,0.2886688012785054,0.0,0.0,68.9060643543999,0.0,0
2,0.2886688012785054,0.0,0.0,69.55439768773323,0.0,0
2,0.2886688012785054,0.0,0.0,69.20273102106657,0.0,0
2,0.2886688012785054,0.0,0.0,69.85273102106657,0.0,0
2,0.2886688012785054,0.0,0.0,70.50439768773325,0.0,0
2,0.2886688012785054,0.0,0.0,70.15606435439992,0.0,0
2,0.2886688012785054,0.0,0.0,70.80856435439992,0.0,0
2,0.2886688012785054,0.0,0.0,71.46106435439992,0.0,0
2,0.2886688012785054,0.0,0.0,72.11439768773326,0.0,0
2,0.2886688012785054,0.0,0.0,72.7677310210666,0.0,0
2,0.2886688012785054,0.0,0.0,73.4227310210666,0.0,0
2,0.2886688012785054,0.0,0.0,73.0777310210666,0.0,0
2,0.2886688012785054,0.0,0.0,73.73356435439993,0.0,0
2,0.2886688012785054,0.0,0.0,74.3902310210666,0.0,0
2,0.2886688012785054,0.0,0.0,74.0477310210666,0.0,0
2,0.2886688012785054,0.0,0.0,74.70606435439993,0.0,0
2,0.2886688012785054,0.0,0.0,75.36439768773326,0.0,0
2,0.2886688012785054,0.0,0.0,76.02356435439992,0.0,0
2,0.2886688012785054,0.0,0.0,75.68356435439992,0.0,0
2,0.2886688012785054,0.0,0.0,76.3477310210666,0.0,0
2,0.2886688012785054,0.0,0.0,77.0127310210666,0.0,0
2,0.2886688012785054,0.0,0.0,76.67856435439994,0.0,0
2,0.2886688012785054,0.0,0.0,77.34439768773328,0.0,0
2,0.2886688012785054,0.0,0.0,78.01023102106662,0.0,0
2,0.2886688012785054,0.0,0.0,78.67606435439995,0.0,0
2,0.2886688012785054,0.0,0.0,79.3418976877333,0.0,0
2,0.2886688012785054,0.0,0.0,80.00856435439997,0.0,0
2,0.2886688012785054,0.0,0.0,79.67523102106664,0.0,0
2,0.2886688012785054,0.0,0.0,79.34273102106664,0.0,0
2,0.2886688012785054,0.0,0.0,80.01106435439998,0.0,0
2,0.2886688012785054,0.0,0.0,80.67939768773331,0.0,0
2,0.2886688012785054,0.0,0.0,80.34856435439998,0.0,0
2,0.2886688012785054,0.0,0.0,81.01856435439998,0.0,0
2,0.2886688012785054,0.0,0.0,81.68939768773332,0.0,0
2,0.2886688012785054,0.0,0.0,82.36439768773332,0.0,0
2,0.2886688012785054,0.0,0.0,82.04023102106665,0.0,0
2,0.2886688012785054,0.0,0.0,82.71606435439998,0.0,0
2,0.2886688012785054,0.0,0.0,83.3918976877333,0.0,0
2,0.2886688012785054,0.0,0.0,83.0693976877333,0.0,0
2,0.2886688012785054,0.0,0.0,83.7468976877333,0.0,0
2,0.2886688012785054,0.0,0.0,83.42523102106662,0.0,0
2,0.2886688012785054,0.0,0.0,84.10523102106663,0.0,0
2,0.2886688012785054,0.0,0.0,84.78606435439997,0.0,0
2,0.2886688012785054,0.0,0.0,85.46856435439997,0.0,0
2,0.2886688012785054,0.0,0.0,86.15106435439998,0.0,0
2,0.2886688012785054,0.0,0.0,85.83606435439998,0.0,0
2,0.2886688012785054,0.0,0.0,86.52273102106665,0.0,0
2,0.2886688012785054,0.0,0.0,86.20939768773331,0.0,0
2,0.2886688012785054,0.0,0.0,86.89606435439998,0.0,0
2,0.2886688012785054,0.0,0.0,87.58356435439998,0.0,0
2,0.2886688012785054,0.0,0.0,88.27106435439998,0.0,0
2,0.2886688012785054,0.0,0.0,88.96023102106665,0.0,0
2,0.2886688012785054,0.0,0.0,88.64939768773331,0.0,0
2,0.2886688012785054,0.0,0.0,89.33856435439998,0.0,0
2,0.2886688012785054,0.0,0.0,90.02939768773331,0.0,0
2,0.2886688012785054,0.0,0.0,89.72106435439997,0.0,0
2,0.2886688012785054,0.0,0.0,90.41273102106663,0.0,0
2,0.2886688012785054,0.0,0.0,89.10523102106663,0.0,0
2,0.2886688012785054,0.0,0.0,88.79856435439996,0.0,0
2,0.2886688012785054,0.0,0.0,89.49189768773329,0.0,0
2,0.2886688012785054,0.0,0.0,90.18523102106661,0.0,0
2,0.2886688012785054,0.0,0.0,90.8802310210666,0.0,0
2,0.2886688012785054,0.0,0.0,90.57606435439995,0.0,0
2,0.2886688012785054,0.0,0.0,91.27189768773329,0.0,0
2,0.2886688012785054,0.0,0.0,91.96939768773329,0.0,0
2,0.2886688012785054,0.0,0.0,92.66773102106663,0.0,0
2,0.2886688012785054,0.0,0.0,93.3668976877333,0.0,0
2,0.2886688012785054,0.0,0.0,94.06773102106663,0.0,0
2,0.2886688012785054,0.0,0.0,94.77023102106664,0.0,0
2,0.2886688012785054,0.0,0.0,94.47356435439997,0.0,0
2,0.2886688012785054,0.0,0.0,95.1793976877333,0.0,0
2,0.2886688012785054,0.0,0.0,95.88773102106663,0.0,0
2,0.2886688012785054,0.0,0.0,96.59689768773329,0.0,0
2,0.2886688012785054,0.0,0.0,97.30773102106662,0.0,0
2,0.2886688012785054,0.0,0.0,97.01939768773329,0.0,0
2,0.28866880127850547,0.0,0.0,96.73273102106663,0.0,0
2,0.28866880127850547,0.0,0.0,97.44773102106663,0.0,0
2,0.2886688012785054,0.0,0.0,97.16273102106663,0.0,0
2,0.2886688012785054,0.0,0.0,96.87856435439997,0.0,0
2,0.2886688012785054,0.0,0.0,97.59523102106664,0.0,0
2,0.2886688012785054,0.0,0.0,98.3118976877333,0.0,0
2,0.2886688012785054,0.0,0.0,98.02939768773331,0.0,0
2,0.2886688012785054,0.0,0.0,97.74773102106664,0.0,0
2,0.2886688012785054,0.0,0.0,98.46689768773331,0.0,0
2,0.2886688012785054,0.0,0.0,98.18773102106664,0.0,0
2,0.2886688012785054,0.0,0.0,98.9093976877333,0.0,0
2,0.2886688012785054,0.0,0.0,99.63356435439997,0.0,0
2,0.2886688012785054,0.0,0.0,100.35856435439996,0.0,0
2,0.2886688012785054,0.0,0.0,100.08439768773329,0.0,0
2,0.2886688012785054,0.0,0.0,100.81023102106661,0.0,0
2,0.2886688012785054,0.0,0.0,101.53773102106662,0.0,0
2,0.2886688012785054,0.0,0.0,102.26773102106662,0.0,0
2,0.2886688012785054,0.0,0.0,102.99856435439996,0.0,0
2,0.2886688012785054,0.0,0.0,102.7293976877333,0.0,0
2,0.2886688012785054,0.0,0.0,103.46273102106663,0.0,0
2,0.2886688012785054,0.0,0.0,104.19606435439997,0.0,0
2,0.2886688012785054,0.0,0.0,103.9318976877333,0.0,0
2,0.2886688012785054,0.0,0.0,104.6693976877333,0.0,0
2,0.2886688012785054,0.0,0.0,105.40939768773329,0.0,0
2,0.2886688012785054,0.0,0.0,105.15023102106662,0.0,0
2,0.2886688012785054,0.0,0.0,105.89606435439995,0.0,0
2,0.2886688012785054,0.0,0.0,106.64189768773329,0.0,0
2,0.2886688012785054,0.0,0.0,106.38773102106663,0.0,0
2,0.2886688012785054,0.0,0.0,107.13356435439997,0.0,0
2,0.2886688012785054,0.0,0.0,107.8793976877333,0.0,0
2,0.2886688012785054,0.0,0.0,108.62606435439997,0.0,0
2,0.2886688012785054,0.0,0.0,108.37356435439997,0.0,0
2,0.2886688012785054,0.0,0.0,109.12189768773331,0.0,0
2,0.2886688012785054,0.0,0.0,109.87106435439998,0.0,0
2,0.2886688012785054,0.0,0.0,109.62106435439998,0.0,0
2,0.2886688012785054,0.0,0.0,110.37189768773331,0.0,0
2,0.2886688012785054,0.0,0.0,110.12273102106664,0.0,0
2,0.2886688012785054,0.0,0.0,110.87523102106664,0.0,0
2,0.2886688012785054,0.0,0.0,111.62856435439997,0.0,0
2,0.2886688012785054,0.0,0.0,112.38523102106663,0.0,0
2,0.2886688012785054,0.0,0.0,113.14189768773329,0.0,0
2,0.2886688012785054,0.0,0.0,113.89939768773328,0.0,0
2,0.2886688012785054,0.0,0.0,113.65689768773328,0.0,0
2,0.2886688012785054,0.0,0.0,114.41523102106662,0.0,0
2,0.2886688012785054,0.0,0.0,115.17356435439996,0.0,0
2,0.2886688012785054,0.0,0.0,115.93273102106663,0.0,0
2,0.2886688012785054,0.0,0.0,115.6918976877333,0.0,0
2,0.2886688012785054,0.0,0.0,116.45273102106664,0.0,0
2,0.2886688012785054,0.0,0.0,116.21439768773331,0.0,0
2,0.2886688012785054,0.0,0.0,116.97606435439998,0.0,0
2,0.2886688012785054,0.0,0.0,117.73856435439998,0.0,0
2,0.2886688012785054,0.0,0.0,117.50189768773332,0.0,0
2,0.2886688012785054,0.0,0.0,118.26606435439999,0.0,0
2,0.2886688012785054,0.0,0.0,119.03189768773332,0.0,0
2,0.2886688012785054,0.0,0.0,119.79773102106665,0.0,0
2,0.2886688012785054,0.0,0.0,120.56356435439999,0.0,0
2,0.2886688012785054,0.0,0.0,120.33106435439998,0.0,0
2,0.2886688012785054,0.0,0.0,121.09939768773332,0.0,0
2,0.2886688012785054,0.0,0.0,121.86773102106665,0.0,0
2,0.2886688012785054,0.0,0.0,121.63606435439998,0.0,0
2,0.2886688012785054,0.0,0.0,122.40606435439997,0.0,0
2,0.2886688012785054,0.0,0.0,123.1768976877333,0.0,0
2,0.2886688012785054,0.0,0.0,122.94773102106663,0.0,0
2,0.2886688012785054,0.0,0.0,122.72023102106662,0.0,0
2,0.2886688012785054,0.0,0.0,123.49356435439995,0.0,0
2,0.2886688012785054,0.0,0.0,124.26856435439996,0.0,0
2,0.2886688012785054,0.0,0.0,125.0443976877333,0.0,0
2,0.2886688012785054,0.0,0.0,125.82023102106663,0.0,0
2,0.2886688012785054,0.0,0.0,125.59606435439997,0.0,0
2,0.2886688012785054,0.0,0.0,126.37356435439997,0.0,0
2,0.2886688012785054,0.0,0.0,127.15189768773331,0.0,0
2,0.2886688012785054,0.0,0.0,125.93023102106665,0.0,0
2,0.2886688012785054,0.0,0.0,126.70856435439998,0.0,0
2,0.2886688012785054,0.0,0.0,127.48773102106665,0.0,0
2,0.2886688012785054,0.0,0.0,127.26689768773332,0.0,0
2,0.2886688012785054,0.0,0.0,128.04689768773332,0.0,0
2,0.2886688012785054,0.0,0.0,127.82689768773332,0.0,0
2,0.2886688012785054,0.0,0.0,128.60689768773332,0.0,0
2,0.2886688012785054,0.0,0.0,129.38773102106666,0.0,0
2,0.2886688012785054,0.0,0.0,129.1685643544,0.0,0
2,0.2886688012785054,0.0,0.0,129.94939768773332,0.0,0
2,0.2886688012785054,0.0,0.0,130.7310643544,0.0,0
2,0.2886688012785054,0.0,0.0,131.51439768773332,0.0,0
2,0.2886688012785054,0.0,0.0,131.29773102106665,0.0,0
2,0.2886688012785054,0.0,0.0,132.08106435439998,0.0,0
2,0.2886688012785054,0.0,0.0,132.86523102106665,0.0,0
2,0.2886688012785054,0.0,0.0,133.65023102106665,0.0,0
2,0.2886688012785054,0.0,0.0,134.43523102106664,0.0,0
2,0.2886688012785054,0.0,0.0,134.2218976877333,0.0,0
2,0.2886688012785054,0.0,0.0,135.00856435439997,0.0,0
2,0.2886688012785054,0.0,0.0,134.79523102106663,0.0,0
2,0.2886688012785054,0.0,0.0,135.5818976877333,0.0,0
2,0.2886688012785054,0.0,0.0,136.36939768773328,0.0,0
2,0.2886688012785054,0.0,0.0,137.1577310210666,0.0,0
2,0.2886688012785054,0.0,0.0,137.94689768773327,0.0,0
2,0.2886688012785054,0.0,0.0,137.7377310210666,0.0,0
2,0.2886688012785054,0.0,0.0,138.52856435439992,0.0,0
2,0.2886688012785054,0.0,0.0,139.32023102106658,0.0,0
2,0.2886688012785054,0.0,0.0,139.11273102106657,0.0,0
2,0.2886688012785054,0.0,0.0,139.90689768773322,0.0,0
2,0.2886688012785054,0.0,0.0,140.70273102106654,0.0,0
2,0.2886688012785054,0.0,0.0,141.4993976877332,0.0,0
2,0.2886688012785054,0.0,0.0,142.2968976877332,0.0,0
2,0.2886688012785054,0.0,0.0,142.09439768773322,0.0,0
2,0.2886688012785054,0.0,0.0,141.89273102106657,0.0,0
2,0.2886688012785054,0.0,0.0,142.69189768773325,0.0,0
2,0.2886688012785054,0.0,0.0,143.49189768773326,0.0,0
2,0.2886688012785054,0.0,0.0,144.29189768773327,0.0,0
2,0.2886688012785054,0.0,0.0,144.0927310210666,0.0,0
2,0.2886688012785054,0.0,0.0,144.8968976877333,0.0,0
2,0.2886688012785054,0.0,0.0,145.70273102106663,0.0,0
2,0.2886688012785054,0.0,0.0,146.5093976877333,0.0,0
2,0.2886688012785054,0.0,0.0,147.3168976877333,0.0,0
2,0.2886688012785054,0.0,0.0,147.1243976877333,0.0,0
2,0.2886688012785054,0.0,0.0,147.9318976877333,0.0,0
2,0.2886688012785054,0.0,0.0,147.7418976877333,0.0,0
2,0.2886688012785054,0.0,0.0,148.55189768773332,0.0,0
2,0.2886688012785054,0.0,0.0,149.36439768773332,0.0,0
2,0.2886688012785054,0.0,0.0,150.17689768773332,0.0,0
2,0.2886688012785054,0.0,0.0,149.98939768773332,0.0,0
2,0.2886688012785054,0.0,0.0,150.80356435439998,0.0,0
2,0.2886688012785054,0.0,0.0,151.61856435439998,0.0,0
2,0.2886688012785054,0.0,0.0,151.4343976877333,0.0,0
2,0.2886688012785054,0.0,0.0,152.25106435439997,0.0,0
2,0.2886688012785054,0.0,0.0,152.06773102106663,0.0,0
2,0.2886688012785054,0.0,0.0,152.88606435439996,0.0,0
2,0.2886688012785054,0.0,0.0,153.70523102106662,0.0,0
2,0.2886688012785054,0.0,0.0,153.52523102106662,0.0,0
2,0.2886688012785054,0.0,0.0,154.34606435439994,0.0,0
2,0.2886688012785054,0.0,0.0,155.16856435439993,0.0,0
2,0.2886688012785054,0.0,0.0,154.99189768773326,0.0,0
2,0.2886688012785054,0.0,0.0,155.81689768773325,0.0,0
2,0.2886688012785054,0.0,0.0,156.64189768773323,0.0,0
2,0.2886688012785054,0.0,0.0,157.46689768773322,0.0,0
2,0.2886688012785054,0.0,0.0,158.2918976877332,0.0,0
2,0.2886688012785054,0.0,0.0,159.11773102106653,0.0,0
2,0.2886688012785054,0.0,0.0,158.94523102106652,0.0,0
2,0.2886688012785054,0.0,0.0,159.77356435439987,0.0,0
2,0.2886688012785054,0.0,0.0,160.60356435439988,0.0,0
2,0.2886688012785054,0.0,0.0,161.4335643543999,0.0,0
2,0.2886688012785054,0.0,0.0,161.26439768773324,0.0,0
2,0.2886688012785054,0.0,0.0,162.09523102106658,0.0,0
2,0.2886688012785054,0.0,0.0,161.92689768773326,0.0,0
2,0.2886688012785054,0.0,0.0,161.7602310210666,0.0,0
2,0.2886688012785054,0.0,0.0,162.59439768773328,0.0,0
2,0.2886688012785054,0.0,0.0,163.42856435439995,0.0,0
2,0.2886688012785054,0.0,0.0,164.26273102106663,0.0,0
2,0.2886688012785054,0.0,0.0,164.09773102106664,0.0,0
2,0.2886688012785054,0.0,0.0,164.93273102106664,0.0,0
2,0.2886688012785054,0.0,0.0,165.76856435439998,0.0,0
2,0.2886688012785054,0.0,0.0,165.60439768773333,0.0,0
2,0.2886688012785054,0.0,0.0,166.4410643544,0.0,0
2,0.2886688012785054,0.0,0.0,167.27773102106667,0.0,0
2,0.2886688012785054,0.0,0.0,168.1160643544,0.0,0
2,0.2886688012785054,0.0,0.0,167.95439768773335,0.0,0
2,0.2886688012785054,0.0,0.0,168.7927310210667,0.0,0
2,0.2886688012785054,0.0,0.0,169.6327310210667,0.0,0
2,0.2886688012785054,0.0,0.0,170.4727310210667,0.0,0
2,0.2886688012785054,0.0,0.0,171.31356435440003,0.0,0
2,0.2886688012785054,0.0,0.0,171.15439768773336,0.0,0
2,0.2886688012785054,0.0,0.0,171.99606435440003,0.0,0
2,0.2886688012785054,0.0,0.0,172.83856435440003,0.0,0
2,0.2886688012785054,0.0,0.0,173.68189768773337,0.0,0
2,0.2886688012785054,0.0,0.0,173.5252310210667,0.0,0
2,0.2886688012785054,0.0,0.0,174.36939768773337,0.0,0
2,0.2886688012785054,0.0,0.0,174.21356435440003,0.0,0
2,0.2886688012785054,0.0,0.0,175.05856435440003,0.0,0
2,0.2886688012785054,0.0,0.0,175.90356435440003,0.0,0
2,0.2886688012785054,0.0,0.0,176.7527310210667,0.0,0
2,0.2886688012785054,0.0,0.0,176.6027310210667,0.0,0
2,0.2886688012785054,0.0,0.0,177.45356435440002,0.0,0
2,0.28866880127850547,0.0,0.0,177.30439768773334,0.0,0
2,0.28866880127850547,0.0,0.0,178.15523102106667,0.0,0
2,0.28866880127850547,0.0,0.0,179.0060643544,0.0,0
2,0.2886688012785054,0.0,0.0,178.8585643544,0.0,0
2,0.2886688012785054,0.0,0.0,179.71106435439998,0.0,0
2,0.2886688012785054,0.0,0.0,180.56523102106664,0.0,0
2,0.2886688012785054,0.0,0.0,180.4193976877333,0.0,0
2,0.2886688012785054,0.0,0.0,181.27439768773328,0.0,0
2,0.2886688012785054,0.0,0.0,182.13106435439994,0.0,0
2,0.2886688012785054,0.0,0.0,182.9877310210666,0.0,0
2,0.2886688012785054,0.0,0.0,182.8460643543999,0.0,0
2,0.2886688012785054,0.0,0.0,183.70439768773323,0.0,0
2,0.2886688012785054,0.0,0.0,183.5635643543999,0.0,0
2,0.2886688012785054,0.0,0.0,184.4235643543999,0.0,0
2,0.2886688012785054,0.0,0.0,185.28523102106658,0.0,0
2,0.2886688012785054,0.0,0.0,186.14856435439992,0.0,0
2,0.2886688012785054,0.0,0.0,187.01189768773327,0.0,0
2,0.2886688012785054,0.0,0.0,187.8752310210666,0.0,0
2,0.2886688012785054,0.0,0.0,187.74189768773329,0.0,0
2,0.2886688012785054,0.0,0.0,188.6093976877333,0.0,0
2,0.2886688012785054,0.0,0.0,189.4768976877333,0.0,0
2,0.2886688012785054,0.0,0.0,190.3443976877333,0.0,0
2,0.2886688012785054,0.0,0.0,190.21273102106665,0.0,0
2,0.2886688012785054,0.0,0.0,191.08189768773332,0.0,0
2,0.2886688012785054,0.0,0.0,191.95273102106665,0.0,0
2,0.2886688012785054,0.0,0.0,192.8235643544,0.0,0
2,0.2886688012785054,0.0,0.0,193.69523102106666,0.0,0
2,0.2886688012785054,0.0,0.0,194.56689768773333,0.0,0
2,0.28866880127850536,0.0,0.0,194.43939768773333,0.0,0
2,0.28866880127850536,0.0,0.0,195.31189768773334,0.0,0
2,0.2886688012785054,0.0,0.0,195.18523102106667,0.0,0
2,0.2886688012785054,0.0,0.0,196.0585643544,0.0,0
2,0.28866880127850536,0.0,0.0,195.93439768773334,0.0,0
2,0.28866880127850536,0.0,0.0,196.8110643544,0.0,0
2,0.2886688012785054,0.0,0.0,196.68939768773333,0.0,0
2,0.2886688012785054,0.0,0.0,197.56773102106666,0.0,0
2,0.2886688012785054,0.0,0.0,198.44689768773333,0.0,0
2,0.2886688012785054,0.0,0.0,199.3260643544,0.0,0
2,0.2886688012785054,0.0,0.0,200.20689768773332,0.0,0
2,0.2886688012785054,0.0,0.0,200.08773102106665,0.0,0
2,0.2886688012785054,0.0,0.0,200.97023102106664,0.0,0
2,0.2886688012785054,0.0,0.0,201.85273102106663,0.0,0
2,0.2886688012785054,0.0,0.0,202.73523102106662,0.0,0
2,0.2886688012785054,0.0,0.0,203.62023102106662,0.0,0
2,0.2886688012785054,0.0,0.0,204.50606435439994,0.0,0
2,0.2886688012785054,0.0,0.0,203.3927310210666,0.0,0
2,0.2886688012785054,0.0,0.0,204.27939768773325,0.0,0
2,0.28866880127850536,0.0,0.0,204.16689768773324,0.0,0
2,0.28866880127850536,0.0,0.0,205.05523102106656,0.0,0
2,0.2886688012785054,0.0,0.0,204.94439768773321,0.0,0
2,0.2886688012785054,0.0,0.0,204.83523102106656,0.0,0
2,0.2886688012785054,0.0,0.0,205.72773102106657,0.0,0
2,0.2886688012785054,0.0,0.0,206.62106435439992,0.0,0
2,0.2886688012785054,0.0,0.0,206.51439768773326,0.0,0
2,0.2886688012785054,0.0,0.0,207.4077310210666,0.0,0
2,0.2886688012785054,0.0,0.0,208.30106435439995,0.0,0
2,0.2886688012785054,0.0,0.0,208.19523102106663,0.0,0
2,0.2886688012785054,0.0,0.0,209.09106435439998,0.0,0
2,0.2886688012785054,0.0,0.0,209.98773102106665,0.0,0
2,0.2886688012785054,0.0,0.0,210.88523102106666,0.0,0
2,0.2886688012785054,0.0,0.0,210.7835643544,0.0,0
2,0.2886688012785054,0.0,0.0,209.68273102106667,0.0,0
2,0.2886688012785054,0.0,0.0,209.58273102106668,0.0,0
2,0.2886688012785054,0.0,0.0,210.4860643544,0.0,0
2,0.2886688012785054,0.0,0.0,211.39273102106668,0.0,0
2,0.2886688012785054,0.0,0.0,211.29939768773335,0.0,0
2,0.2886688012785054,0.0,0.0,211.2060643544,0.0,0
2,0.2886688012785054,0.0,0.0,212.11273102106668,0.0,0
2,0.2886688012785054,0.0,0.0,213.02523102106667,0.0,0
2,0.2886688012785054,0.0,0.0,213.94023102106667,0.0,0
2,0.2886688012785054,0.0,0.0,213.85523102106666,0.0,0
2,0.2886688012785054,0.0,0.0,213.77273102106665,0.0,0
2,0.2886688012785054,0.0,0.0,214.69023102106664,0.0,0
2,0.2886688012785054,0.0,0.0,215.60773102106663,0.0,0
2,0.2886688012785054,0.0,0.0,215.52606435439995,0.0,0
2,0.2886688012785054,0.0,0.0,216.4452310210666,0.0,0
2,0.2886688012785054,0.0,0.0,217.3652310210666,0.0,0
2,0.2886688012785054,0.0,0.0,218.2877310210666,0.0,0
2,0.2886688012785054,0.0,0.0,219.21106435439995,0.0,0
2,0.2886688012785054,0.0,0.0,219.1343976877333,0.0,0
2,0.2886688012785054,0.0,0.0,220.0593976877333,0.0,0
2,0.28866880127850536,0.0,0.0,219.98523102106665,0.0,0
2,0.28866880127850536,0.0,0.0,220.9110643544,0.0,0
2,0.28866880127850536,0.0,0.0,221.83773102106667,0.0,0
2,0.28866880127850536,0.0,0.0,222.76523102106668,0.0,0
2,0.28866880127850536,0.0,0.0,223.6927310210667,0.0,0
2,0.28866880127850536,0.0,0.0,224.6202310210667,0.0,0
2,0.28866880127850536,0.0,0.0,225.54856435440004,0.0,0
2,0.2886688012785054,0.0,0.0,225.47773102106672,0.0,0
2,0.2886688012785054,0.0,0.0,226.4068976877334,0.0,0
2,0.2886688012785054,0.0,0.0,227.3368976877334,0.0,0
2,0.2886688012785054,0.0,0.0,228.2668976877334,0.0,0
2,0.2886688012785054,0.0,0.0,229.19773102106674,0.0,0
2,0.2886688012785054,0.0,0.0,229.12939768773342,0.0,0
2,0.2886688012785054,0.0,0.0,230.06189768773342,0.0,0
2,0.2886688012785054,0.0,0.0,229.99439768773343,0.0,0
2,0.2886688012785054,0.0,0.0,230.92689768773343,0.0,0
2,0.2886688012785054,0.0,0.0,230.8610643544001,0.0,0
2,0.2886688012785054,0.0,0.0,231.79523102106677,0.0,0
2,0.2886688012785054,0.0,0.0,232.7310643544001,0.0,0
2,0.2886688012785054,0.0,0.0,233.66773102106677,0.0,0
2,0.2886688012785054,0.0,0.0,234.60439768773344,0.0,0
2,0.28866880127850536,0.0,0.0,234.5410643544001,0.0,0
2,0.28866880127850536,0.0,0.0,235.47773102106677,0.0,0
2,0.28866880127850536,0.0,0.0,236.41439768773344,0.0,0
2,0.28866880127850536,0.0,0.0,237.3510643544001,0.0,0
2,0.28866880127850536,0.0,0.0,238.28939768773344,0.0,0
2,0.2886688012785054,0.0,0.0,238.2285643544001,0.0,0
2,0.2886688012785054,0.0,0.0,239.16773102106677,0.0,0
2,0.2886688012785054,0.0,0.0,240.10773102106677,0.0,0
2,0.28866880127850536,0.0,0.0,240.0485643544001,0.0,0
2,0.28866880127850536,0.0,0.0,240.99023102106676,0.0,0
2,0.28866880127850536,0.0,0.0,241.93189768773343,0.0,0
2,0.28866880127850536,0.0,0.0,242.87606435440009,0.0,0
2,0.28866880127850536,0.0,0.0,243.82106435440008,0.0,0
2,0.2886688012785054,0.0,0.0,243.7668976877334,0.0,0
2,0.2886688012785054,0.0,0.0,243.71356435440006,0.0,0
2,0.2886688012785054,0.0,0.0,243.6618976877334,0.0,0
2,0.2886688012785054,0.0,0.0,243.6127310210667,0.0,0
2,0.2886688012785054,0.0,0.0,244.5652310210667,0.0,0
2,0.2886688012785054,0.0,0.0,245.51939768773337,0.0,0
2,0.2886688012785054,0.0,0.0,245.4743976877334,0.0,0
2,0.2886688012785054,0.0,0.0,246.43023102106673,0.0,0
2,0.2886688012785054,0.0,0.0,247.3868976877334,0.0,0
2,0.2886688012785054,0.0,0.0,247.34439768773342,0.0,0
2,0.2886688012785054,0.0,0.0,248.30273102106676,0.0,0
2,0.2886688012785054,0.0,0.0,248.2610643544001,0.0,0
2,0.2886688012785054,0.0,0.0,249.22189768773345,0.0,0
2,0.2886688012785054,0.0,0.0,250.18356435440012,0.0,0
2,0.2886688012785054,0.0,0.0,250.14606435440012,0.0,0
2,0.2886688012785054,0.0,0.0,251.10856435440013,0.0,0
2,0.2886688012785054,0.0,0.0,252.07189768773347,0.0,0
2,0.2886688012785054,0.0,0.0,253.03606435440014,0.0,0
2,0.2886688012785054,0.0,0.0,254.00356435440014,0.0,0
2,0.2886688012785054,0.0,0.0,253.97106435440014,0.0,0
2,0.2886688012785054,0.0,0.0,254.93856435440014,0.0,0
2,0.2886688012785054,0.0,0.0,255.9077310210668,0.0,0
2,0.2886688012785054,0.0,0.0,256.87773102106684,0.0,0
2,0.2886688012785054,0.0,0.0,257.8485643544002,0.0,0
2,0.2886688012785054,0.0,0.0,257.8210643544002,0.0,0
2,0.2886688012785054,0.0,0.0,257.7943976877336,0.0,0
2,0.2886688012785054,0.0,0.0,258.7693976877336,0.0,0
2,0.2886688012785054,0.0,0.0,259.74523102106696,0.0,0
2,0.2886688012785054,0.0,0.0,260.7210643544003,0.0,0
2,0.2886688012785054,0.0,0.0,260.69939768773366,0.0,0
2,0.2886688012785054,0.0,0.0,261.67856435440035,0.0,0
2,0.2886688012785054,0.0,0.0,262.65856435440037,0.0,0
2,0.2886688012785054,0.0,0.0,263.6393976877337,0.0,0
2,0.2886688012785054,0.0,0.0,264.62023102106707,0.0,0
2,0.2886688012785054,0.0,0.0,264.60189768773375,0.0,0
2,0.2886688012785054,0.0,0.0,265.58356435440044,0.0,0
2,0.2886688012785054,0.0,0.0,266.56606435440045,0.0,0
2,0.2886688012785054,0.0,0.0,267.55023102106713,0.0,0
2,0.2886688012785054,0.0,0.0,267.5360643544005,0.0,0
2,0.2886688012785054,0.0,0.0,268.5243976877338,0.0,0
2,0.2886688012785054,0.0,0.0,269.51273102106717,0.0,0
2,0.2886688012785054,0.0,0.0,269.50189768773384,0.0,0
2,0.2886688012785054,0.0,0.0,270.49189768773385,0.0,0
2,0.2886688012785054,0.0,0.0,271.4827310210672,0.0,0
2,0.2886688012785054,0.0,0.0,272.47356435440054,0.0,0
2,0.2886688012785054,0.0,0.0,273.4652310210672,0.0,0
2,0.2886688012785054,0.0,0.0,273.4577310210672,0.0,0
2,0.2886688012785054,0.0,0.0,274.45106435440056,0.0,0
2,0.2886688012785054,0.0,0.0,275.44523102106723,0.0,0
2,0.2886688012785054,0.0,0.0,276.4393976877339,0.0,0
2,0.2886688012785054,0.0,0.0,277.4335643544006,0.0,0
2,0.2886688012785054,0.0,0.0,277.4285643544006,0.0,0
2,0.2886688012785054,0.0,0.0,278.4243976877339,0.0,0
2,0.2886688012785054,0.0,0.0,279.4210643544006,0.0,0
2,0.2886688012785054,0.0,0.0,280.41773102106725,0.0,0
2,0.2886688012785054,0.0,0.0,281.41523102106726,0.0,0
2,0.2886688012785054,0.0,0.0,282.41523102106726,0.0,0
2,0.2886688012785054,0.0,0.0,283.4160643544006,0.0,0
2,0.2886688012785054,0.0,0.0,284.41773102106725,0.0,0
2,0.2886688012785054,0.0,0.0,284.4193976877339,0.0,0
2,0.2886688012785054,0.0,0.0,285.4218976877339,0.0,0
2,0.2886688012785054,0.0,0.0,286.4243976877339,0.0,0
2,0.2886688012785054,0.0,0.0,287.4268976877339,0.0,0
2,0.2886688012785054,0.0,0.0,287.43023102106724,0.0,0
2,0.2886688012785054,0.0,0.0,287.4335643544006,0.0,0
2,0.2886688012785054,0.0,0.0,288.43856435440057,0.0,0
2,0.2886688012785054,0.0,0.0,288.44523102106723,0.0,0
2,0.2886688012785054,0.0,0.0,289.4527310210672,0.0,0
2,0.2886688012785054,0.0,0.0,290.46106435440055,0.0,0
2,0.2886688012785054,0.0,0.0,290.4693976877339,0.0,0
2,0.2886688012785054,0.0,0.0,291.47939768773387,0.0,0
2,0.2886688012785054,0.0,0.0,292.4902310210672,0.0,0
2,0.2886688012785054,0.0,0.0,292.5027310210672,0.0,0
2,0.2886688012785054,0.0,0.0,293.5160643544005,0.0,0
2,0.2886688012785054,0.0,0.0,294.53023102106715,0.0,0
2,0.2886688012785054,0.0,0.0,295.5443976877338,0.0,0
2,0.2886688012785054,0.0,0.0,296.55856435440046,0.0,0
2,0.2886688012785054,0.0,0.0,296.5727310210671,0.0,0
2,0.2886688012785054,0.0,0.0,297.58939768773376,0.0,0
2,0.2886688012785054,0.0,0.0,298.6060643544004,0.0,0
2,0.2886688012785054,0.0,0.0,299.6235643544004,0.0,0
2,0.2886688012785054,0.0,0.0,300.6410643544004,0.0,0
2,0.2886688012785054,0.0,0.0,301.65856435440037,0.0,0
2,0.2886688012785054,0.0,0.0,301.6768976877337,0.0,0
2,0.2886688012785054,0.0,0.0,302.695231021067,0.0,0
2,0.2886688012785054,0.0,0.0,303.71439768773365,0.0,0
2,0.2886688012785054,0.0,0.0,304.73439768773363,0.0,0
2,0.2886688012785054,0.0,0.0,304.7543976877336,0.0,0
2,0.2886688012785054,0.0,0.0,305.77523102106693,0.0,0
2,0.2886688012785054,0.0,0.0,305.7968976877336,0.0,0
2,0.2886688012785054,0.0,0.0,306.8227310210669,0.0,0
2,0.2886688012785054,0.0,0.0,307.84939768773353,0.0,0
2,0.2886688012785054,0.0,0.0,307.8768976877335,0.0,0
2,0.2886688012785054,0.0,0.0,308.9043976877335,0.0,0
2,0.2886688012785054,0.0,0.0,309.93439768773345,0.0,0
2,0.2886688012785054,0.0,0.0,310.9668976877335,0.0,0
2,0.2886688012785054,0.0,0.0,311.9993976877335,0.0,0
2,0.2886688012785054,0.0,0.0,312.03189768773353,0.0,0
2,0.2886688012785054,0.0,0.0,313.0652310210669,0.0,0
2,0.2886688012785054,0.0,0.0,314.09856435440025,0.0,0
2,0.2886688012785054,0.0,0.0,315.1318976877336,0.0,0
2,0.2886688012785054,0.0,0.0,316.165231021067,0.0,0
2,0.2886688012785054,0.0,0.0,316.19939768773366,0.0,0
2,0.2886688012785054,0.0,0.0,317.235231021067,0.0,0
2,0.2886688012785054,0.0,0.0,318.2718976877337,0.0,0
2,0.2886688012785054,0.0,0.0,318.30939768773374,0.0,0
2,0.2886688012785054,0.0,0.0,319.34939768773376,0.0,0
2,0.2886688012785054,0.0,0.0,320.3893976877338,0.0,0
2,0.2886688012785054,0.0,0.0,321.4293976877338,0.0,0
2,0.2886688012785054,0.0,0.0,321.47023102106715,0.0,0
2,0.2886688012785054,0.0,0.0,322.51439768773383,0.0,0
2,0.2886688012785054,0.0,0.0,323.5585643544005,0.0,0
2,0.2886688012785054,0.0,0.0,324.60356435440053,0.0,0
2,0.2886688012785054,0.0,0.0,325.6493976877339,0.0,0
2,0.2886688012785054,0.0,0.0,326.69856435440056,0.0,0
2,0.2886688012785054,0.0,0.0,326.74773102106724,0.0,0
2,0.2886688012785054,0.0,0.0,327.7968976877339,0.0,0
2,0.2886688012785054,0.0,0.0,328.8460643544006,0.0,0
2,0.2886688012785054,0.0,0.0,328.8960643544006,0.0,0
2,0.2886688012785054,0.0,0.0,329.9460643544006,0.0,0
2,0.2886688012785054,0.0,0.0,330.9977310210673,0.0,0
2,0.2886688012785054,0.0,0.0,332.049397687734,0.0,0
2,0.2886688012785054,0.0,0.0,333.101897687734,0.0,0
2,0.2886688012785054,0.0,0.0,333.1552310210673,0.0,0
2,0.2886688012785054,0.0,0.0,334.21023102106733,0.0,0
2,0.2886688012785054,0.0,0.0,335.26606435440067,0.0,0
2,0.2886688012785054,0.0,0.0,336.324397687734,0.0,0
2,0.2886688012785054,0.0,0.0,336.384397687734,0.0,0
2,0.2886688012785054,0.0,0.0,337.444397687734,0.0,0
2,0.2886688012785054,0.0,0.0,338.5060643544007,0.0,0
2,0.2886688012785054,0.0,0.0,338.56773102106735,0.0,0
2,0.2886688012785054,0.0,0.0,339.6310643544007,0.0,0
2,0.2886688012785054,0.0,0.0,340.69523102106734,0.0,0
2,0.2886688012785054,0.0,0.0,340.759397687734,0.0,0
2,0.2886688012785054,0.0,0.0,340.8235643544007,0.0,0
2,0.2886688012785054,0.0,0.0,340.88856435440067,0.0,0
2,0.2886688012785054,0.0,0.0,341.954397687734,0.0,0
2,0.2886688012785054,0.0,0.0,342.02106435440066,0.0,0
2,0.2886688012785054,0.0,0.0,343.0877310210673,0.0,0
2,0.2886688012785054,0.0,0.0,344.1552310210673,0.0,0
2,0.2886688012785054,0.0,0.0,345.22356435440065,0.0,0
2,0.2886688012785054,0.0,0.0,346.2927310210673,0.0,0
2,0.2886688012785054,0.0,0.0,346.3627310210673,0.0,0
2,0.2886688012785054,0.0,0.0,347.4327310210673,0.0,0
2,0.2886688012785054,0.0,0.0,347.5027310210673,0.0,0
2,0.2886688012785054,0.0,0.0,348.57439768773395,0.0,0
2,0.2886688012785054,0.0,0.0,349.6485643544006,0.0,0
2,0.2886688012785054,0.0,0.0,350.7235643544006,0.0,0
2,0.2886688012785054,0.0,0.0,351.7985643544006,0.0,0
2,0.2886688012785054,0.0,0.0,351.8743976877339,0.0,0
2,0.2886688012785054,0.0,0.0,352.9502310210672,0.0,0
2,0.2886688012785054,0.0,0.0,354.0268976877339,0.0,0
2,0.2886688012785054,0.0,0.0,355.10439768773387,0.0,0
2,0.2886688012785054,0.0,0.0,356.1827310210672,0.0,0
2,0.2886688012785054,0.0,0.0,356.26189768773384,0.0,0
2,0.2886688012785054,0.0,0.0,357.3410643544005,0.0,0
2,0.2886688012785054,0.0,0.0,358.42106435440047,0.0,0
2,0.2886688012785054,0.0,0.0,359.5018976877338,0.0,0
2,0.2886688012785054,0.0,0.0,360.58356435440044,0.0,0
2,0.2886688012785054,0.0,0.0,360.6652310210671,0.0,0
2,0.2886688012785054,0.0,0.0,361.74773102106707,0.0,0
2,0.2886688012785054,0.0,0.0,361.83023102106705,0.0,0
2,0.2886688012785054,0.0,0.0,362.91606435440036,0.0,0
2,0.2886688012785054,0.0,0.0,364.002731021067,0.0,0
2,0.2886688012785054,0.0,0.0,365.0910643544003,0.0,0
2,0.2886688012785054,0.0,0.0,366.1793976877336,0.0,0
2,0.2886688012785054,0.0,0.0,365.2693976877336,0.0,0
2,0.2886688012785054,0.0,0.0,366.3593976877336,0.0,0
2,0.2886688012785054,0.0,0.0,367.4510643544002,0.0,0
2,0.2886688012785054,0.0,0.0,368.54273102106686,0.0,0
2,0.2886688012785054,0.0,0.0,368.63689768773355,0.0,0
2,0.2886688012785054,0.0,0.0,369.73106435440025,0.0,0
2,0.2886688012785054,0.0,0.0,370.82523102106694,0.0,0
2,0.2886688012785054,0.0,0.0,370.92189768773363,0.0,0
2,0.2886688012785054,0.0,0.0,372.0185643544003,0.0,0
2,0.2886688012785054,0.0,0.0,373.115231021067,0.0,0
2,0.2886688012785054,0.0,0.0,374.21273102106704,0.0,0
2,0.2886688012785054,0.0,0.0,374.31273102106707,0.0,0
2,0.2886688012785054,0.0,0.0,375.41439768773375,0.0,0
2,0.2886688012785054,0.0,0.0,376.5177310210671,0.0,0
2,0.2886688012785054,0.0,0.0,376.62106435440046,0.0,0
2,0.2886688012785054,0.0,0.0,377.72523102106715,0.0,0
2,0.2886688012785054,0.0,0.0,378.83189768773383,0.0,0
2,0.2886688012785054,0.0,0.0,378.9410643544005,0.0,0
2,0.2886688012785054,0.0,0.0,380.0510643544005,0.0,0
2,0.2886688012785054,0.0,0.0,381.16106435440054,0.0,0
2,0.2886688012785054,0.0,0.0,381.27106435440055,0.0,0
2,0.2886688012785054,0.0,0.0,382.3818976877339,0.0,0
2,0.2886688012785054,0.0,0.0,383.4935643544006,0.0,0
2,0.2886688012785054,0.0,0.0,384.60523102106725,0.0,0
2,0.2886688012785054,0.0,0.0,385.71689768773393,0.0,0
2,0.2886688012785054,0.0,0.0,385.82939768773394,0.0,0
2,0.2886688012785054,0.0,0.0,386.94189768773396,0.0,0
2,0.2886688012785054,0.0,0.0,388.05606435440063,0.0,0
2,0.2886688012785054,0.0,0.0,389.17106435440064,0.0,0
2,0.2886688012785054,0.0,0.0,389.28606435440065,0.0,0
2,0.2886688012785054,0.0,0.0,390.401897687734,0.0,0
2,0.2886688012785054,0.0,0.0,391.51773102106733,0.0,0
2,0.2886688012785054,0.0,0.0,392.634397687734,0.0,0
2,0.2886688012785054,0.0,0.0,392.7510643544007,0.0,0
2,0.2886688012785054,0.0,0.0,392.87023102106735,0.0,0
2,0.2886688012785054,0.0,0.0,393.989397687734,0.0,0
2,0.2886688012785054,0.0,0.0,395.1085643544007,0.0,0
2,0.2886688012785054,0.0,0.0,395.22773102106737,0.0,0
2,0.2886688012785054,0.0,0.0,396.3477310210674,0.0,0
2,0.2886688012785054,0.0,0.0,397.4685643544007,0.0,0
2,0.2886688012785054,0.0,0.0,397.5910643544007,0.0,0
2,0.2886688012785054,0.0,0.0,398.7135643544007,0.0,0
2,0.2886688012785054,0.0,0.0,399.83689768773405,0.0,0
2,0.2886688012785054,0.0,0.0,400.9602310210674,0.0,0
2,0.2886688012785054,0.0,0.0,402.0835643544007,0.0,0
2,0.2886688012785054,0.0,0.0,402.2077310210674,0.0,0
2,0.2886688012785054,0.0,0.0,403.33189768773406,0.0,0
2,0.2886688012785054,0.0,0.0,404.4560643544007,0.0,0
2,0.2886688012785054,0.0,0.0,405.5810643544007,0.0,0
2,0.2886688012785054,0.0,0.0,405.7060643544007,0.0,0
2,0.2886688012785054,0.0,0.0,406.8352310210674,0.0,0
2,0.2886688012785054,0.0,0.0,407.96439768773405,0.0,0
2,0.2886688012785054,0.0,0.0,409.0935643544007,0.0,0
2,0.2886688012785054,0.0,0.0,409.2227310210674,0.0,0
2,0.2886688012785054,0.0,0.0,410.35523102106737,0.0,0
2,0.2886688012785054,0.0,0.0,411.4885643544007,0.0,0
2,0.2886688012785054,0.0,0.0,412.621897687734,0.0,0
2,0.2886688012785054,0.0,0.0,413.7560643544007,0.0,0
2,0.2886688012785054,0.0,0.0,413.89106435440067,0.0,0
2,0.2886688012785054,0.0,0.0,415.026897687734,0.0,0
2,0.2886688012785054,0.0,0.0,415.1627310210673,0.0,0
2,0.2886688012785054,0.0,0.0,416.3002310210673,0.0,0
2,0.2886688012785054,0.0,0.0,417.4385643544006,0.0,0
2,0.2886688012785054,0.0,0.0,416.57689768773395,0.0,0
2,0.2886688012785054,0.0,0.0,417.71773102106727,0.0,0
2,0.2886688012785054,0.0,0.0,418.8593976877339,0.0,0
2,0.2886688012785054,0.0,0.0,420.00273102106723,0.0,0
2,0.2886688012785054,0.0,0.0,421.14606435440055,0.0,0
2,0.2886688012785054,0.0,0.0,422.2902310210672,0.0,0
2,0.2886688012785054,0.0,0.0,422.4352310210672,0.0,0
2,0.2886688012785054,0.0,0.0,423.5810643544005,0.0,0
2,0.2886688012785054,0.0,0.0,424.7268976877338,0.0,0
2,0.2886688012785054,0.0,0.0,425.8727310210671,0.0,0
2,0.2886688012785054,0.0,0.0,426.0202310210671,0.0,0
2,0.2886688012785054,0.0,0.0,427.1685643544004,0.0,0
2,0.2886688012785054,0.0,0.0,427.31773102106706,0.0,0
2,0.2886688012785054,0.0,0.0,428.46856435440037,0.0,0
2,0.2886688012785054,0.0,0.0,429.6193976877337,0.0,0
2,0.2886688012785054,0.0,0.0,430.770231021067,0.0,0
2,0.2886688012785054,0.0,0.0,431.92273102106697,0.0,0
2,0.2886688012785054,0.0,0.0,432.07523102106694,0.0,0
2,0.2886688012785054,0.0,0.0,433.2293976877336,0.0,0
2,0.2886688012785054,0.0,0.0,434.3852310210669,0.0,0
2,0.2886688012785054,0.0,0.0,435.5410643544002,0.0,0
2,0.2886688012785054,0.0,0.0,436.6977310210669,0.0,0
2,0.2886688012785054,0.0,0.0,436.8543976877336,0.0,0
2,0.2886688012785054,0.0,0.0,438.01273102106694,0.0,0
2,0.2886688012785054,0.0,0.0,439.1710643544003,0.0,0
2,0.2886688012785054,0.0,0.0,440.32939768773366,0.0,0
2,0.2886688012785054,0.0,0.0,441.48856435440035,0.0,0
2,0.2886688012785054,0.0,0.0,442.65023102106704,0.0,0
2,0.2886688012785054,0.0,0.0,442.8135643544004,0.0,0
2,0.2886688012785054,0.0,0.0,443.97689768773375,0.0,0
2,0.2886688012785054,0.0,0.0,444.1402310210671,0.0,0
2,0.2886688012785054,0.0,0.0,444.3043976877338,0.0,0
2,0.2886688012785054,0.0,0.0,445.47023102106715,0.0,0
2,0.2886688012785054,0.0,0.0,446.6360643544005,0.0,0
2,0.2886688012785054,0.0,0.0,447.8035643544005,0.0,0
2,0.2886688012785054,0.0,0.0,448.97106435440054,0.0,0
2,0.2886688012785054,0.0,0.0,449.1393976877339,0.0,0
2,0.2886688012785054,0.0,0.0,450.3085643544006,0.0,0
2,0.2886688012785054,0.0,0.0,451.4793976877339,0.0,0
2,0.2886688012785054,0.0,0.0,452.65189768773394,0.0,0
2,0.2886688012785054,0.0,0.0,452.8252310210673,0.0,0
2,0.2886688012785054,0.0,0.0,453.99939768773396,0.0,0
2,0.2886688012785054,0.0,0.0,455.174397687734,0.0,0
2,0.2886688012785054,0.0,0.0,455.3502310210673,0.0,0
2,0.2886688012785054,0.0,0.0,456.529397687734,0.0,0
2,0.2886688012785054,0.0,0.0,457.709397687734,0.0,0
2,0.2886688012785054,0.0,0.0,457.889397687734,0.0,0
2,0.2886688012785054,0.0,0.0,459.07023102106734,0.0,0
2,0.2886688012785054,0.0,0.0,460.251897687734,0.0,0
2,0.2886688012785054,0.0,0.0,460.4335643544007,0.0,0
2,0.2886688012785054,0.0,0.0,461.616897687734,0.0,0
2,0.2886688012785054,0.0,0.0,462.8010643544007,0.0,0
2,0.2886688012785054,0.0,0.0,463.98523102106736,0.0,0
2,0.2886688012785054,0.0,0.0,465.17023102106737,0.0,0
2,0.2886688012785054,0.0,0.0,465.35523102106737,0.0,0
2,0.2886688012785054,0.0,0.0,466.5410643544007,0.0,0
2,0.2886688012785054,0.0,0.0,467.72689768773404,0.0,0
2,0.2886688012785054,0.0,0.0,468.91523102106737,0.0,0
2,0.2886688012785054,0.0,0.0,470.1035643544007,0.0,0
2,0.2886688012785054,0.0,0.0,470.29189768773404,0.0,0
2,0.2886688012785054,0.0,0.0,470.48023102106737,0.0,0
2,0.2886688012785054,0.0,0.0,471.6710643544007,0.0,0
2,0.2886688012785054,0.0,0.0,471.86523102106736,0.0,0
2,0.2886688012785054,0.0,0.0,473.059397687734,0.0,0
2,0.2886688012785054,0.0,0.0,473.2560643544007,0.0,0
2,0.2886688012785054,0.0,0.0,474.45356435440067,0.0,0
2,0.2886688012785054,0.0,0.0,475.6527310210673,0.0,0
2,0.2886688012785054,0.0,0.0,475.851897687734,0.0,0
2,0.2886688012785054,0.0,0.0,477.0552310210673,0.0,0
2,0.2886688012785054,0.0,0.0,478.2585643544006,0.0,0
2,0.2886688012785054,0.0,0.0,478.46189768773394,0.0,0
2,0.2886688012785054,0.0,0.0,479.6668976877339,0.0,0
2,0.2886688012785054,0.0,0.0,480.87273102106724,0.0,0
2,0.2886688012785054,0.0,0.0,481.0793976877339,0.0,0
2,0.2886688012785054,0.0,0.0,482.28606435440054,0.0,0
2,0.2886688012785054,0.0,0.0,483.4927310210672,0.0,0
2,0.2886688012785054,0.0,0.0,483.70023102106717,0.0,0
2,0.2886688012785054,0.0,0.0,484.9085643544005,0.0,0
2,0.2886688012785054,0.0,0.0,486.11773102106713,0.0,0
2,0.2886688012785054,0.0,0.0,487.3268976877338,0.0,0
2,0.2886688012785054,0.0,0.0,488.5377310210671,0.0,0
2,0.2886688012785054,0.0,0.0,489.75023102106707,0.0,0
2,0.2886688012785054,0.0,0.0,489.96523102106704,0.0,0
2,0.2886688012785054,0.0,0.0,490.18106435440035,0.0,0
2,0.2886688012785054,0.0,0.0,491.397731021067,0.0,0
2,0.2886688012785054,0.0,0.0,492.61523102106696,0.0,0
2,0.2886688012785054,0.0,0.0,493.83273102106693,0.0,0
2,0.2886688012785054,0.0,0.0,495.05106435440024,0.0,0
2,0.2886688012785054,0.0,0.0,496.27023102106693,0.0,0
2,0.2886688012785054,0.0,0.0,497.49023102106696,0.0,0
2,0.2886688012785054,0.0,0.0,497.7110643544003,0.0,0
2,0.2886688012785054,0.0,0.0,498.9318976877337,0.0,0
2,0.2886688012785054,0.0,0.0,500.1535643544004,0.0,0
2,0.2886688012785054,0.0,0.0,501.37523102106707,0.0,0
2,0.2886688012785054,0.0,0.0,501.5977310210671,0.0,0
2,0.2886688012785054,0.0,0.0,502.82106435440045,0.0,0
2,0.2886688012785054,0.0,0.0,503.0443976877338,0.0,0
2,0.2886688012785054,0.0,0.0,504.2685643544005,0.0,0
2,0.2886688012785054,0.0,0.0,503.4927310210672,0.0,0
2,0.2886688012785054,0.0,0.0,504.7168976877339,0.0,0
2,0.2886688012785054,0.0,0.0,505.94273102106723,0.0,0
2,0.2886688012785054,0.0,0.0,507.1718976877339,0.0,0
2,0.2886688012785054,0.0,0.0,507.40189768773394,0.0,0
2,0.2886688012785054,0.0,0.0,508.63189768773395,0.0,0
2,0.2886688012785054,0.0,0.0,509.86439768773397,0.0,0
2,0.2886688012785054,0.0,0.0,511.0977310210673,0.0,0
2,0.2886688012785054,0.0,0.0,511.33106435440067,0.0,0
2,0.2886688012785054,0.0,0.0,512.5652310210673,0.0,0
2,0.2886688012785054,0.0,0.0,513.799397687734,0.0,0
2,0.2886688012785054,0.0,0.0,515.034397687734,0.0,0
2,0.2886688012785054,0.0,0.0,515.269397687734,0.0,0
2,0.2886688012785054,0.0,0.0,516.5052310210673,0.0,0
2,0.2886688012785054,0.0,0.0,516.741897687734,0.0,0
2,0.2886688012785054,0.0,0.0,517.9793976877339,0.0,0
2,0.2886688012785054,0.0,0.0,519.2177310210673,0.0,0
2,0.2886688012785054,0.0,0.0,519.4560643544006,0.0,0
2,0.2886688012785054,0.0,0.0,520.6952310210672,0.0,0
2,0.2886688012785054,0.0,0.0,521.9352310210672,0.0,0
2,0.2886688012785054,0.0,0.0,523.1760643544005,0.0,0
2,0.2886688012785054,0.0,0.0,523.4193976877339,0.0,0
2,0.2886688012785054,0.0,0.0,524.6643976877339,0.0,0
2,0.2886688012785054,0.0,0.0,525.9093976877339,0.0,0
2,0.2886688012785054,0.0,0.0,527.1568976877338,0.0,0
2,0.2886688012785054,0.0,0.0,528.4052310210672,0.0,0
2,0.2886688012785054,0.0,0.0,529.6543976877338,0.0,0
2,0.2886688012785054,0.0,0.0,530.9035643544004,0.0,0
2,0.2886688012785054,0.0,0.0,532.152731021067,0.0,0
2,0.2886688012785054,0.0,0.0,533.4018976877336,0.0,0
2,0.2886688012785054,0.0,0.0,0.5492659218114371,0.0,1
2,0.2886688012785054,0.0,0.0,0.9684325884781038,0.0,1
2,0.2886688012785054,0.0,0.0,0.5518976877332484,0.0,1
2,0.2886688012785054,0.0,0.0,0.9718976877332485,0.0,1
2,0.2886688012785054,0.0,0.0,0.5529945529102047,0.0,1
2,0.2886688012785054,0.0,0.0,0.9746612195768714,0.0,1
2,0.2886688012785054,0.0,0.0,1.3971612195768714,0.0,0.6039300552109671
2,0.2886688012785054,0.0,0.0,1.8221612195768715,0.0,0.1888139716189926
2,0.2886688012785054,0.0,0.0,1.2496612195768715,0.0,0.7587857466816176
2,0.2886688012785054,0.0,0.0,1.6779945529102047,0.0,0.3378655747938569
2,0.2886688012785054,0.0,0.0,1.106327886243538,0.0,0.9014399293291568
2,0.2886688012785054,0.0,0.0,1.5354945529102046,0.0,0.48396079807017645
2,0.2886688012785054,0.0,0.0,1.9654945529102048,0.0,0.06386607160800446
2,0.2886688012785054,0.0,0.0,2.3971612195768714,0.0,0
2,0.2886688012785054,0.0,0.0,2.8296612195768716,0.0,0
2,0.2886688012785054,0.0,0.0,3.2629945529102047,0.0,0
2,0.2886688012785054,0.0,0.0,2.6963278862435383,0.0,0
2,0.2886688012785054,0.0,0.0,2.130494552910205,0.0,0
2,0.2886688012785054,0.0,0.0,2.5646612195768714,0.0,0
2,0.2886688012785054,0.0,0.0,2.9996612195768715,0.0,0
2,0.2886688012785054,0.0,0.0,3.435494552910205,0.0,0
2,0.2886688012785054,0.0,0.0,2.8713278862435385,0.0,0
2,0.2886688012785054,0.0,0.0,3.3088278862435385,0.0,0
2,0.2886688012785054,0.0,0.0,2.747161219576872,0.0,0
2,0.2886688012785054,0.0,0.0,2.187161219576872,0.0,0
2,0.2886688012785054,0.0,0.0,2.6279945529102053,0.0,0
2,0.2886688012785054,0.0,0.0,3.0688278862435387,0.0,0
2,0.2886688012785054,0.0,0.0,3.5113278862435386,0.0,0
2,0.2886688012785054,0.0,0.0,2.954661219576872,0.0,0
2,0.2886688012785054,0.0,0.0,3.398827886243539,0.0,0
2,0.2886688012785054,0.0,0.0,3.844661219576872,0.0,0
2,0.2886688012785054,0.0,0.0,3.291327886243539,0.0,0
2,0.2886688012785054,0.0,0.0,3.738827886243539,0.0,0
2,0.2886688012785054,0.0,0.0,4.187161219576873,0.0,0
2,0.2886688012785054,0.0,0.0,4.635494552910206,0.0,0
2,0.2886688012785054,0.0,0.0,5.084661219576873,0.0,0
2,0.2886688012785054,0.0,0.0,5.5338278862435395,0.0,0
2,0.2886688012785054,0.0,0.0,5.984661219576873,0.0,0
2,0.2886688012785054,0.0,0.0,6.435494552910207,0.0,0
2,0.2886688012785054,0.0,0.0,5.88882788624354,0.0,0
2,0.2886688012785054,0.0,0.0,6.3429945529102065,0.0,0
2,0.2886688012785054,0.0,0.0,6.797161219576873,0.0,0
2,0.2886688012785054,0.0,0.0,7.252161219576873,0.0,0
2,0.2886688012785054,0.0,0.0,6.707161219576873,0.0,0
2,0.2886688012785054,0.0,0.0,7.162161219576873,0.0,0
2,0.2886688012785054,0.0,0.0,6.617161219576873,0.0,0
2,0.2886688012785054,0.0,0.0,7.0721612195768735,0.0,0
2,0.2886688012785054,0.0,0.0,7.527994552910207,0.0,0
2,0.2886688012785054,0.0,0.0,6.984661219576874,0.0,0
2,0.2886688012785054,0.0,0.0,7.442994552910207,0.0,0
2,0.2886688012785054,0.0,0.0,6.90632788624354,0.0,0
2,0.2886688012785054,0.0,0.0,7.370494552910206,0.0,0
2,0.2886688012785054,0.0,0.0,7.83632788624354,0.0,0
2,0.2886688012785054,0.0,0.0,8.303827886243539,0.0,0
2,0.2886688012785054,0.0,0.0,8.772161219576873,0.0,0
2,0.2886688012785054,0.0,0.0,9.241327886243539,0.0,0
2,0.2886688012785054,0.0,0.0,8.710494552910205,0.0,0
2,0.2886688012785054,0.0,0.0,8.180494552910206,0.0,0
2,0.2886688012785054,0.0,0.0,7.652161219576873,0.0,0
2,0.2886688012785054,0.0,0.0,7.123827886243539,0.0,0
2,0.2886688012785054,0.0,0.0,7.595494552910206,0.0,0
2,0.2886688012785054,0.0,0.0,8.067161219576873,0.0,0
2,0.2886688012785054,0.0,0.0,8.539661219576873,0.0,0
2,0.2886688012785054,0.0,0.0,7.0129945529102065,0.0,0
2,0.2886688012785054,0.0,0.0,7.48632788624354,0.0,0
2,0.2886688012785054,0.0,0.0,7.960494552910207,0.0,0
2,0.2886688012785054,0.0,0.0,7.434661219576874,0.0,0
2,0.2886688012785054,0.0,0.0,7.910494552910207,0.0,0
2,0.2886688012785054,0.0,0.0,8.38632788624354,0.0,0
2,0.2886688012785054,0.0,0.0,7.865494552910207,0.0,0
2,0.2886688012785054,0.0,0.0,8.345494552910207,0.0,0
2,0.2886688012785054,0.0,0.0,8.82632788624354,0.0,0
2,0.2886688012785054,0.0,0.0,9.307994552910207,0.0,0
2,0.2886688012785054,0.0,0.0,9.789661219576875,0.0,0
2,0.2886688012785054,0.0,0.0,10.272161219576875,0.0,0
2,0.2886688012785054,0.0,0.0,9.755494552910207,0.0,0
2,0.2886688012785054,0.0,0.0,10.239661219576874,0.0,0
2,0.2886688012785054,0.0,0.0,10.72382788624354,0.0,0
2,0.2886688012785054,0.0,0.0,11.20882788624354,0.0,0
2,0.2886688012785054,0.0,0.0,10.695494552910207,0.0,0
2,0.2886688012785054,0.0,0.0,11.182994552910207,0.0,0
2,0.2886688012785054,0.0,0.0,11.672161219576873,0.0,0
2,0.2886688012785054,0.0,0.0,11.162161219576873,0.0,0
2,0.2886688012785054,0.0,0.0,11.652161219576874,0.0,0
2,0.2886688012785054,0.0,0.0,11.144661219576873,0.0,0
2,0.2886688012785054,0.0,0.0,11.639661219576872,0.0,0
2,0.2886688012785054,0.0,0.0,12.135494552910206,0.0,0
2,0.2886688012785054,0.0,0.0,12.63132788624354,0.0,0
2,0.2886688012785054,0.0,0.0,12.127161219576873,0.0,0
2,0.2886688012785054,0.0,0.0,12.622994552910207,0.0,0
2,0.2886688012785054,0.0,0.0,13.119661219576873,0.0,0
2,0.2886688012785054,0.0,0.0,13.617161219576873,0.0,0
2,0.2886688012785054,0.0,0.0,13.11632788624354,0.0,0
2,0.2886688012785054,0.0,0.0,13.61632788624354,0.0,0
2,0.2886688012785054,0.0,0.0,14.117161219576873,0.0,0
2,0.2886688012785054,0.0,0.0,14.61882788624354,0.0,0
2,0.2886688012785054,0.0,0.0,15.12132788624354,0.0,0
2,0.2886688012785054,0.0,0.0,14.624661219576874,0.0,0
2,0.2886688012785054,0.0,0.0,15.12882788624354,0.0,0
2,0.2886688012785054,0.0,0.0,15.632994552910207,0.0,0
2,0.2886688012785054,0.0,0.0,16.137994552910207,0.0,0
2,0.2886688012785054,0.0,0.0,16.642994552910206,0.0,0
2,0.2886688012785054,0.0,0.0,17.148827886243538,0.0,0
2,0.2886688012785054,0.0,0.0,16.654661219576873,0.0,0
2,0.2886688012785054,0.0,0.0,17.162161219576873,0.0,0
2,0.2886688012785054,0.0,0.0,17.67132788624354,0.0,0
2,0.2886688012785054,0.0,0.0,18.180494552910204,0.0,0
2,0.2886688012785054,0.0,0.0,18.690494552910206,0.0,0
2,0.2886688012785054,0.0,0.0,19.200494552910207,0.0,0
2,0.2886688012785054,0.0,0.0,19.712994552910207,0.0,0
2,0.2886688012785054,0.0,0.0,19.225494552910206,0.0,0
2,0.2886688012785054,0.0,0.0,19.74132788624354,0.0,0
2,0.2886688012785054,0.0,0.0,20.257161219576872,0.0,0
2,0.2886688012785054,0.0,0.0,19.772994552910205,0.0,0
2,0.2886688012785054,0.0,0.0,20.28966121957687,0.0,0
2,0.2886688012785054,0.0,0.0,20.807994552910205,0.0,0
2,0.2886688012785054,0.0,0.0,21.327161219576872,0.0,0
2,0.2886688012785054,0.0,0.0,21.847994552910205,0.0,0
2,0.2886688012785054,0.0,0.0,22.368827886243537,0.0,0
2,0.2886688012785054,0.0,0.0,22.890494552910205,0.0,0
2,0.2886688012785054,0.0,0.0,23.412994552910206,0.0,0
2,0.2886688012785054,0.0,0.0,23.939661219576873,0.0,0
2,0.2886688012785054,0.0,0.0,24.467161219576873,0.0,0
2,0.2886688012785054,0.0,0.0,23.994661219576873,0.0,0
2,0.2886688012785054,0.0,0.0,24.522994552910205,0.0,0
2,0.2886688012785054,0.0,0.0,25.05216121957687,0.0,0
2,0.2886688012785054,0.0,0.0,24.582994552910204,0.0,0
2,0.2886688012785054,0.0,0.0,25.11466121957687,0.0,0
2,0.2886688012785054,0.0,0.0,25.647994552910205,0.0,0
2,0.2886688012785054,0.0,0.0,25.18132788624354,0.0,0
2,0.2886688012785054,0.0,0.0,24.715494552910208,0.0,0
2,0.2886688012785054,0.0,0.0,25.249661219576875,0.0,0
2,0.2886688012785054,0.0,0.0,24.784661219576876,0.0,0
2,0.2886688012785054,0.0,0.0,25.319661219576876,0.0,0
2,0.2886688012785054,0.0,0.0,25.854661219576876,0.0,0
2,0.2886688012785054,0.0,0.0,26.39049455291021,0.0,0
2,0.2886688012785054,0.0,0.0,26.927161219576874,0.0,0
2,0.2886688012785054,0.0,0.0,26.464661219576875,0.0,0
2,0.2886688012785054,0.0,0.0,27.002161219576877,0.0,0
2,0.2886688012785054,0.0,0.0,27.539661219576878,0.0,0
2,0.2886688012785054,0.0,0.0,28.08299455291021,0.0,0
2,0.2886688012785054,0.0,0.0,28.627161219576877,0.0,0
2,0.2886688012785054,0.0,0.0,28.171327886243542,0.0,0
2,0.2886688012785054,0.0,0.0,28.716327886243544,0.0,0
2,0.2886688012785054,0.0,0.0,28.261327886243546,0.0,0
2,0.2886688012785054,0.0,0.0,28.80716121957688,0.0,0
2,0.2886688012785054,0.0,0.0,29.352994552910214,0.0,0
2,0.2886688012785054,0.0,0.0,29.89966121957688,0.0,0
2,0.2886688012785054,0.0,0.0,29.446327886243548,0.0,0
2,0.2886688012785054,0.0,0.0,29.993827886243547,0.0,0
2,0.2886688012785054,0.0,0.0,30.542994552910216,0.0,0
2,0.2886688012785054,0.0,0.0,31.09382788624355,0.0,0
2,0.2886688012785054,0.0,0.0,31.644661219576882,0.0,0
2,0.2886688012785054,0.0,0.0,32.19549455291022,0.0,0
2,0.2886688012785054,0.0,0.0,32.74716121957689,0.0,0
2,0.2886688012785054,0.0,0.0,32.29966121957689,0.0,0
2,0.2886688012785054,0.0,0.0,32.85216121957689,0.0,0
2,0.2886688012785054,0.0,0.0,32.404661219576894,0.0,0
2,0.2886688012785054,0.0,0.0,32.95799455291023,0.0,0
2,0.2886688012785054,0.0,0.0,33.512161219576896,0.0,0
2,0.2886688012785054,0.0,0.0,33.06632788624356,0.0,0
2,0.2886688012785054,0.0,0.0,33.62132788624356,0.0,0
2,0.2886688012785054,0.0,0.0,34.17632788624356,0.0,0
2,0.2886688012785054,0.0,0.0,33.73382788624356,0.0,0
2,0.2886688012785054,0.0,0.0,34.29216121957689,0.0,0
2,0.2886688012785054,0.0,0.0,33.85049455291022,0.0,0
2,0.2886688012785054,0.0,0.0,34.41216121957689,0.0,0
2,0.2886688012785054,0.0,0.0,34.97466121957689,0.0,0
2,0.2886688012785054,0.0,0.0,34.53716121957689,0.0,0
2,0.2886688012785054,0.0,0.0,35.10049455291022,0.0,0
2,0.2886688012785054,0.0,0.0,34.66716121957689,0.0,0
2,0.2886688012785054,0.0,0.0,35.23382788624356,0.0,0
2,0.2886688012785054,0.0,0.0,34.80049455291023,0.0,0
2,0.2886688012785054,0.0,0.0,35.3696612195769,0.0,0
2,0.2886688012785054,0.0,0.0,35.938827886243566,0.0,0
2,0.2886688012785054,0.0,0.0,35.50799455291023,0.0,0
2,0.2886688012785054,0.0,0.0,36.07799455291023,0.0,0
2,0.2886688012785054,0.0,0.0,36.648827886243566,0.0,0
2,0.2886688012785054,0.0,0.0,37.2196612195769,0.0,0
2,0.2886688012785054,0.0,0.0,36.791327886243565,0.0,0
2,0.2886688012785054,0.0,0.0,37.36382788624356,0.0,0
2,0.2886688012785054,0.0,0.0,37.9396612195769,0.0,0
2,0.2886688012785054,0.0,0.0,37.516327886243566,0.0,0
2,0.2886688012785054,0.0,0.0,38.092994552910234,0.0,0
2,0.2886688012785054,0.0,0.0,38.670494552910235,0.0,0
2,0.2886688012785054,0.0,0.0,39.2496612195769,0.0,0
2,0.2886688012785054,0.0,0.0,38.8321612195769,0.0,0
2,0.2886688012785054,0.0,0.0,39.41549455291024,0.0,0
2,0.2886688012785054,0.0,0.0,39.99966121957691,0.0,0
2,0.2886688012785054,0.0,0.0,40.58466121957691,0.0,0
2,0.2886688012785054,0.0,0.0,41.17049455291024,0.0,0
2,0.2886688012785054,0.0,0.0,40.756327886243575,0.0,0
2,0.2886688012785054,0.0,0.0,41.344661219576906,0.0,0
2,0.2886688012785054,0.0,0.0,41.93382788624357,0.0,0
2,0.2886688012785054,0.0,0.0,41.522994552910234,0.0,0
2,0.2886688012785054,0.0,0.0,42.11299455291024,0.0,0
2,0.2886688012785054,0.0,0.0,42.70299455291024,0.0,0
2,0.2886688012785054,0.0,0.0,43.29382788624358,0.0,0
2,0.2886688012785054,0.0,0.0,42.885494552910245,0.0,0
2,0.2886688012785054,0.0,0.0,43.477161219576914,0.0,0
2,0.2886688012785054,0.0,0.0,43.07216121957691,0.0